-- phpMyAdmin SQL Dump
-- version 4.0.10.14
-- http://www.phpmyadmin.net
--
-- Host: localhost:3306
-- Generation Time: Oct 08, 2017 at 03:34 PM
-- Server version: 10.1.24-MariaDB-cll-lve
-- PHP Version: 5.6.20

SET SQL_MODE = "NO_AUTO_VALUE_ON_ZERO";
SET time_zone = "+00:00";


/*!40101 SET @OLD_CHARACTER_SET_CLIENT=@@CHARACTER_SET_CLIENT */;
/*!40101 SET @OLD_CHARACTER_SET_RESULTS=@@CHARACTER_SET_RESULTS */;
/*!40101 SET @OLD_COLLATION_CONNECTION=@@COLLATION_CONNECTION */;
/*!40101 SET NAMES utf8 */;

--
-- Database: `realrxzh_doctor`
--

-- --------------------------------------------------------

--
-- Table structure for table `scad_category`
--

CREATE TABLE IF NOT EXISTS `scad_category` (
  `id` int(11) NOT NULL AUTO_INCREMENT,
  `name` varchar(255) NOT NULL,
  `status` int(11) NOT NULL,
  PRIMARY KEY (`id`)
) ENGINE=MyISAM  DEFAULT CHARSET=latin1 AUTO_INCREMENT=5 ;

--
-- Dumping data for table `scad_category`
--

INSERT INTO `scad_category` (`id`, `name`, `status`) VALUES
(1, 'All', 1),
(2, 'Dental', 1),
(3, 'Veterinary', 1),
(4, 'Therapist', 1);

-- --------------------------------------------------------

--
-- Table structure for table `scad_checkin`
--

CREATE TABLE IF NOT EXISTS `scad_checkin` (
  `id` int(11) NOT NULL AUTO_INCREMENT,
  `user_id` varchar(300) NOT NULL COMMENT 'get>users-firstname',
  `doctor_id` varchar(300) NOT NULL COMMENT 'get>users-firstname',
  `reg_details` longtext NOT NULL,
  `medical_details` longtext NOT NULL,
  `insurence_details` longtext NOT NULL,
  `apnt_id` varchar(300) NOT NULL,
  PRIMARY KEY (`id`)
) ENGINE=MyISAM  DEFAULT CHARSET=latin1 AUTO_INCREMENT=11 ;

--
-- Dumping data for table `scad_checkin`
--

INSERT INTO `scad_checkin` (`id`, `user_id`, `doctor_id`, `reg_details`, `medical_details`, `insurence_details`, `apnt_id`) VALUES
(1, '2', '', '{"apnt_time":"Sun 2014-09-21 07:30 AM","fname":"","mname":"","lname":"","Birthday_day":"","Birthday_Month":"","Birthday_Year":"","gender":"","occupation":"","email":"","marital":"-1","pnum":"","hnum":"","pCity":"","pPin":"","pstate":"","pAddress":"","ssn":"","reff":"","pcp":"","pcpn":"","phar":"","phnum":"","phAddress":""}', '{"reason":"","health":"","concerns":"","medicine":"","dosage":"","Frequency":"","hosp":"","Surgeries_Day":"","Surgeries_Month":"","Surgeries_Year":"","preg":"","misc":"","abo":"","living":"","last":"","lastm":"","birth":"","active":"","partner":"","std":"","pm":"","smoke":"","packs":"","smokes":"","npacks":"","drugs":"","type":"","wtype":"","alcohol":"","caffeine":"","excr":"","nexcr":"","allergies":"","history":"","fhistory":""}', '{"Company_name":"","plan":"","plan_num":"","GROUP_NUM":"","employer":"","insurednum":"","insureddob":"","bsec":"","bCity":"","bPin":"","bstate":"","iAddress":"","sCompany_name":"","splan":"","splan_num":"","sGROUP_NUM":"","semployer":"","sinsurednum":"","sinsureddob":"","sbsec":"","sbCity":"","sbPin":"","sbstate":"","siAddress":""}', '30'),
(2, '2', '27', '{"apnt_time":"Wed 2014-09-24 09:30 AM","fname":"","mname":"","lname":"","Birthday_day":"","Birthday_Month":"","Birthday_Year":"","gender":"","occupation":"","email":"","marital":"-1","pnum":"","hnum":"","pCity":"","pPin":"","pstate":"","pAddress":"","ssn":"","reff":"","pcp":"","pcpn":"","phar":"","phnum":"","phAddress":""}', '{"reason":"","health":"","concerns":"","medicine":"","dosage":"","Frequency":"","hosp":"","Surgeries_Day":"","Surgeries_Month":"","Surgeries_Year":"","preg":"","misc":"","abo":"","living":"","last":"","lastm":"","birth":"","active":"","partner":"","std":"","pm":"","smoke":"","packs":"","smokes":"","npacks":"","drugs":"","type":"","wtype":"","alcohol":"","caffeine":"","excr":"","nexcr":"","allergies":"","history":"","fhistory":""}', '{"Company_name":"","plan":"","plan_num":"","GROUP_NUM":"","employer":"","insurednum":"","insureddob":"","bsec":"","bCity":"","bPin":"","bstate":"","iAddress":"","sCompany_name":"","splan":"","splan_num":"","sGROUP_NUM":"","semployer":"","sinsurednum":"","sinsureddob":"","sbsec":"","sbCity":"","sbPin":"","sbstate":"","siAddress":""}', '32'),
(3, '2', '25', '{"apnt_time":"Thu 2014-09-25 09:45 AM","fname":"","mname":"","lname":"","Birthday_day":"","Birthday_Month":"","Birthday_Year":"","gender":"","occupation":"","email":"","marital":"-1","pnum":"","hnum":"","pCity":"","pPin":"","pstate":"","pAddress":"","ssn":"","reff":"","pcp":"","pcpn":"","phar":"","phnum":"","phAddress":""}', '{"reason":"","health":"","concerns":"","medicine":"","dosage":"","Frequency":"","hosp":"","Surgeries_Day":"","Surgeries_Month":"","Surgeries_Year":"","preg":"","misc":"","abo":"","living":"","last":"","lastm":"","birth":"","active":"","partner":"","std":"","pm":"","smoke":"","packs":"","smokes":"","npacks":"","drugs":"","type":"","wtype":"","alcohol":"","caffeine":"","excr":"","nexcr":"","allergies":"","history":"","fhistory":""}', '{"Company_name":"","plan":"","plan_num":"","GROUP_NUM":"","employer":"","insurednum":"","insureddob":"","bsec":"","bCity":"","bPin":"","bstate":"","iAddress":"","sCompany_name":"","splan":"","splan_num":"","sGROUP_NUM":"","semployer":"","sinsurednum":"","sinsureddob":"","sbsec":"","sbCity":"","sbPin":"","sbstate":"","siAddress":""}', '34'),
(4, '2', '27', '{"apnt_time":"Fri 2014-09-26 09:30 AM","fname":"","mname":"","lname":"","Birthday_day":"","Birthday_Month":"","Birthday_Year":"","gender":"","occupation":"","email":"","marital":"-1","pnum":"","hnum":"","pCity":"","pPin":"","pstate":"","pAddress":"","ssn":"","reff":"","pcp":"","pcpn":"","phar":"","phnum":"","phAddress":""}', '{"reason":"","health":"","concerns":"","medicine":"","dosage":"","Frequency":"","hosp":"","Surgeries_Day":"","Surgeries_Month":"","Surgeries_Year":"","preg":"","misc":"","abo":"","living":"","last":"","lastm":"","birth":"","active":"","partner":"","std":"","pm":"","smoke":"","packs":"","smokes":"","npacks":"","drugs":"","type":"","wtype":"","alcohol":"","caffeine":"","excr":"","nexcr":"","allergies":"","history":"","fhistory":""}', '[]', '35'),
(5, '1', '31', '{"apnt_time":"Wed 2015-09-16 09:45 AM","fname":"","mname":"","lname":"","Birthday_day":"","Birthday_Month":"","Birthday_Year":"","gender":"","occupation":"","email":"","marital":"","pnum":"","hnum":"","pCity":"","pPin":"","pstate":"","pAddress":"","ssn":"","reff":"","pcp":"","pcpn":"","phar":"","phnum":"","phAddress":""}', '{"reason":"","health":"","concerns":"","medicine":"","dosage":"","Frequency":"","hosp":"","Surgeries_Day":"","Surgeries_Month":"","Surgeries_Year":"","preg":"","misc":"","abo":"","living":"","last":"","lastm":"","birth":"","active":"","partner":"","std":"","pm":"","smoke":"","packs":"","smokes":"","npacks":"","drugs":"","type":"","wtype":"","alcohol":"","caffeine":"","excr":"","nexcr":"","allergies":"","history":"","fhistory":""}', '{"Company_name":"","plan":"","plan_num":"","GROUP_NUM":"","employer":"","insurednum":"","insureddob":"","bsec":"","bCity":"","bPin":"","bstate":"","iAddress":"","sCompany_name":"","splan":"","splan_num":"","sGROUP_NUM":"","semployer":"","sinsurednum":"","sinsureddob":"","sbsec":"","sbCity":"","sbPin":"","sbstate":"","siAddress":""}', '39'),
(6, '2', '6', '{"apnt_time":"Wed 2016-02-23 09:30 AM","marital":"Single","ssn":"jkjh","fname":"jjh","pnum":"6564564564","reff":"tyrty","mname":"tt","hnum":"5645654656","pcp":"ghbfg","lname":"gfh","pCity":"ghf","pcpn":"gfhgf","Birthday_day":"09","pPin":"645666","phar":"tytyu","Birthday_Month":"Feb","pstate":"yuuyt","phnum":"ytuu","Birthday_Year":"2016","gender":"Male","occupation":"yutyu","email":"iyui@gmail.com","pAddress":"ytutyu","phAddress":"ytu"}', '{"reason":"uyuu","concerns":"ytuty","allergies":"AdhesiveTape,","health":"Excellent","medicine":"1","dosage":"1","Frequency":"1","hosp":"uiyui","Surgeries_Day":"2","Surgeries_Month":"February","Surgeries_Year":"2009","preg":"","misc":"","abo":"","living":"","last":"","lastm":"","birth":"","mhistory":"Allergies","active":"No","partner":"1","smoke":"No","packs":"r","alcohol":"r","std":"No","smokes":"No","npacks":"54","caffeine":"4","pm":"No","drugs":"No","type":"7","wtype":"7","excr":"No","nexcr":"7","history":"Alcoholism,Allergies,","fhistory":""}', '{"Company_name":"dgf","employer":"dfgf","bCity":"dfgg","plan":"sdsd","insurednum":"1234567890","bPin":"vvdvd","plan_num":"sd","insureddob":"sd","bstate":"sd","GROUP_NUM":"sd","bsec":"sd","iAddress":"ssd","sCompany_name":"sd","semployer":"sd","sbCity":"sd","splan":"sd","sinsurednum":"1234567890","sbPin":"sd","splan_num":"sd","sinsureddob":"sd","sbstate":"sd","sGROUP_NUM":"sd","sbsec":"sd","siAddress":"sd"}', '53'),
(7, '2', '51', '{"apnt_time":"Wed 2016-02-24 09:45 AM","marital":"Single","ssn":"231","fname":"qqq","pnum":"3223323232","reff":"aaa","mname":"--","hnum":"1212221323","pcp":"dd","lname":"qqq","pCity":"qqq","pcpn":"qqq","Birthday_day":"08","pPin":"232444","phar":"gfh","Birthday_Month":"Feb","pstate":"hg","phnum":"hg","Birthday_Year":"2016","gender":"Male","occupation":"ewe","email":"ee@gmail.com","pAddress":"jkhjk","phAddress":"jhkh"}', '{"reason":"adad;","concerns":"kujk","health":"Fair","allergies":"AdhesiveTape,Barbiturates,","medicine":"1","dosage":"1","Frequency":"1","history":"Aspirin,","Surgeries_Day":"1","Surgeries_Month":"January","Surgeries_Year":"2012","active":"No","alcohol":"1","smoke":"No","smokes":"No","npacks":"1","packs":"1","drugs":"No","type":"1","wtype":"1","caffeine":"1","pm":"No","excr":"No","nexcr":"1","fhistory":"","reslut":"reason=adad%3B&concerns=safaf&health=Good&allergies=Barbiturates&medicine=1&dosage=1&Frequency=1&history=Aspirin&concerns=kujk&Surgeries_Day=1&Surgeries_Month=January&Surgeries_Year=2012&active=No&alcohol=1&smoke=No&smokes=No&npacks=1&packs=1&drugs=No&type=1&wtype=1&caffeine=1&pm=No&excr=No&nexcr=1&allergies=Barbiturates%2C&history=Aspirin%2C&fhistory=&reslut=reason%3Dadad%26concerns%3Dsafaf%26allergies%3DBarbiturates%26health%3DGood%26medicine%3D1%26dosage%3D1%26Frequency%3D1%26hosp%3Dkujk%26Surgeries_Day%3D1%26Surgeries_Month%3DJanuary%26Surgeries_Year%3D2012%26preg%3D%26misc%3D%26abo%3D%26living%3D%26last%3D%26lastm%3D%26birth%3D%26mhistory%3DAspirin%26active%3DNo%26partner%3D1%26smoke%3DNo%26packs%3D1%26alcohol%3D1%26std%3DNo%26smokes%3DNo%26npacks%3D1%26caffeine%3D1%26pm%3DNo%26drugs%3DNo%26type%3D1%26wtype%3D1%26excr%3DNo%26nexcr%3D1%26allergies%3DBarbiturates%252C%26history%3DAspirin%252C%26fhistory%3D"}', '[]', '54'),
(8, '5016', '6', '{"apnt_time":"Sat 2016-02-27 09:30 AM","marital":"Single","ssn":"ggg","fname":"45435 5345435 hthrth rtrtyur t","pnum":"3534433444","reff":"ghfg ghfghgfhgfhgfhgfh ","mname":"tryrt rty rtyrty rtrmrtjtyjtro","hnum":"3443443344","pcp":"ret","lname":"45435345 345435435 tryrtytryty","pCity":"trty tytrytry67567567","pcpn":"trtr","Birthday_day":"03","pPin":"454355","phar":"yrygfhhhhhhhhhhhhhhhhhhhhhhhhh","Birthday_Month":"Feb","pstate":"gfhfghgfhfghhhhhhhhhhhhhhhhhhh","phnum":"5ghfgfffffffffffffffffffffffff","Birthday_Year":"2016","gender":"Male","occupation":"hj hjhjghj gjhgjt756765 ghgfhf","email":"ghgfh@gmail.com","pAddress":"fghfg gfhghgfh ghfghgdfh uhsudfhsuydfhysdfh sdhfdsfyudsfg yudsgfuysdfgyusdf^%#$#$% 43 f FdFddfdDyTDTY TYTYT Ty ttRt TtRFtyRFtyFRTY rfYTrfTyRTYrftyRFtTFRTYRFYTfYTFytfytftf  fytf ytf ty","phAddress":"yutyuyghfg gfhghgfh ghfghgdfh uhsudfhsuydfhysdfh sdhfdsfyudsfg yudsgfuysdfgyusdf^%#$#$% 43 f FdFddfdDyTDTY TYTYT Ty ttRt TtRFtyRFtyFRTY rfYTrfTyRTYrftyRFtTFRTYRFYTfYTFytfytftf  fytf ytf ty"}', '{"reason":"gh fghfghfg hgfh gfh gfhghgfhf","concerns":"fghfg gfhgfhgf gfhfgh","allergies":"Antibiotics,Aspirin,Sulfa,Latex,Iodine,LocalAnesthetics,","health":"Good","medicine":"1","dosage":"1","Frequency":"1","hosp":"34343463466334","Surgeries_Day":"1","Surgeries_Month":"January","Surgeries_Year":"2012","preg":"","misc":"","abo":"","living":"","last":"","lastm":"","birth":"","mhistory":"BloodDisease","active":"No","partner":"0","smoke":"No","packs":"4","alcohol":"4","std":"No","smokes":"No","npacks":"4","caffeine":"4","pm":"No","drugs":"yes","type":"4","wtype":"4","excr":"No","nexcr":"4","history":"Anemia,AnxietyDisorder,Aspirin,Asthma,BloodDisease,","fhistory":""}', '{"Company_name":"uiti tityii8 ytutyuyutyutyuytu","employer":"gh gh fghg ghghg hgfffffffffff","bCity":"g ghfghfgh hfghgfhgfhgfhfghgfh","plan":"jjghj","insurednum":"5756765765","bPin":"676576","plan_num":"56hj","insureddob":"6756","bstate":"656 67567567567","GROUP_NUM":"657","bsec":"657","iAddress":"hjgj","sCompany_name":"jg gjgj fgjfgjfgjfgjfgjgfjfgjf","semployer":"gj gjghjghjghjgjghj","sbCity":" ghjghjghjghjgh","splan":"jghjghj ","sinsurednum":"6576756765","sbPin":"657555","splan_num":"666665","sinsureddob":"567","sbstate":"65hjhj","sGROUP_NUM":"gjgjg","sbsec":"gjhjhgjg","siAddress":"jhhgj"}', '55'),
(9, '2', '1', '{"apnt_time":"Fri 2016-02-26 09:15 AM","marital":"Single","ssn":"1234567890","fname":"fg","pnum":"1234567890","reff":"asd","mname":"dfg","hnum":"1234567890","pcp":"sdad","lname":"dfg","pCity":"fdgdf","pcpn":"1234567890","Birthday_day":"25","pPin":"123456","phar":"dfds","Birthday_Month":"Feb","pstate":"xcv","phnum":"1234567890","Birthday_Year":"1994","gender":"Male","occupation":"dfgdf","email":"immanu24@gmail.com","pAddress":"xc","phAddress":"vxc"}', '{"reason":"ghfg","concerns":"fhfgh","allergies":"Codeine,Antibiotics,","health":"Poor","medicine":"2","dosage":"1","Frequency":"1","hosp":"fhfgh","Surgeries_Day":"13","Surgeries_Month":"February","Surgeries_Year":"1996","preg":"fghfg","misc":"fgh","abo":"fgh","living":"fgh","last":"fgh","lastm":"fgh","birth":"fgh","mhistory":"AnxietyDisorder","active":"No","partner":"fgh","smoke":"No","packs":"fgh","alcohol":"fg","std":"No","smokes":"No","npacks":"fg","caffeine":"fh","pm":"No","drugs":"No","type":"fgh","wtype":"fg","excr":"No","nexcr":"fgh","history":"Alcoholism,AnxietyDisorder,","fhistory":""}', '{"Company_name":"fgh","employer":"fgh","bCity":"fgh","plan":"xcv","insurednum":"1234567890","bPin":"fgh","plan_num":"xc","insureddob":"cv","bstate":"x","GROUP_NUM":"xcv","bsec":"xcv","iAddress":"xcv","sCompany_name":"cvb","semployer":"xcv","sbCity":"xcv","splan":"cvb","sinsurednum":"1234567890","sbPin":"xcv","splan_num":"cvb","sinsureddob":"xcv","sbstate":"xcv","sGROUP_NUM":"cvb","sbsec":"xcv","siAddress":"xcv"}', ''),
(10, '2', '1', '{"apnt_time":"Fri 2016-02-26 09:15 AM","marital":"Single","ssn":"1234567890","fname":"fg","pnum":"1234567890","reff":"asd","mname":"dfg","hnum":"1234567890","pcp":"sdad","lname":"dfg","pCity":"fdgdf","pcpn":"1234567890","Birthday_day":"25","pPin":"123456","phar":"dfds","Birthday_Month":"Feb","pstate":"xcv","phnum":"1234567890","Birthday_Year":"1994","gender":"Male","occupation":"dfgdf","email":"immanu24@gmail.com","pAddress":"xc","phAddress":"vxc"}', '{"reason":"ghfg","concerns":"fhfgh","allergies":"Codeine,Antibiotics,","health":"Poor","medicine":"2","dosage":"1","Frequency":"1","hosp":"fhfgh","Surgeries_Day":"13","Surgeries_Month":"February","Surgeries_Year":"1996","preg":"fghfg","misc":"fgh","abo":"fgh","living":"fgh","last":"fgh","lastm":"fgh","birth":"fgh","mhistory":"AnxietyDisorder","active":"No","partner":"fgh","smoke":"No","packs":"fgh","alcohol":"fg","std":"No","smokes":"No","npacks":"fg","caffeine":"fh","pm":"No","drugs":"No","type":"fgh","wtype":"fg","excr":"No","nexcr":"fgh","history":"Alcoholism,AnxietyDisorder,","fhistory":""}', '{"Company_name":"bnv","employer":"vbn","bCity":"vbn","plan":"dfs","insurednum":"1234567890","bPin":"bvnvb","plan_num":"sdf","insureddob":"sdf","bstate":"sdf","GROUP_NUM":"sdf","bsec":"sd","iAddress":"sdf","sCompany_name":"dfg","semployer":"dfg","sbCity":"dfg","splan":"dfg","sinsurednum":"1234567890","sbPin":"dfdf","splan_num":"df","sinsureddob":"dfg","sbstate":"dfg","sGROUP_NUM":"df","sbsec":"df","siAddress":"dfdf"}', '');

-- --------------------------------------------------------

--
-- Table structure for table `scad_doctor_appointments`
--

CREATE TABLE IF NOT EXISTS `scad_doctor_appointments` (
  `id` int(11) NOT NULL AUTO_INCREMENT,
  `apnt_starttime` time NOT NULL,
  `apnt_endtime` time NOT NULL,
  `apnt_date` date NOT NULL,
  `doctor_id` int(11) NOT NULL COMMENT 'get>users-firstname',
  `patient_id` int(11) NOT NULL COMMENT 'get>users-firstname',
  `illness` int(11) NOT NULL COMMENT 'get>illness-name',
  `apnt_note` longtext NOT NULL,
  `status` enum('0','1','2') NOT NULL COMMENT '0->pending,1->Approved,2->Cancelled',
  PRIMARY KEY (`id`)
) ENGINE=MyISAM  DEFAULT CHARSET=latin1 AUTO_INCREMENT=211 ;

--
-- Dumping data for table `scad_doctor_appointments`
--

INSERT INTO `scad_doctor_appointments` (`id`, `apnt_starttime`, `apnt_endtime`, `apnt_date`, `doctor_id`, `patient_id`, `illness`, `apnt_note`, `status`) VALUES
(7, '11:00:00', '11:30:00', '2014-08-08', 1, 2, 0, 'Need more details about dialisis and its treatement', '1'),
(13, '10:15:00', '12:00:00', '2014-08-05', 1, 2, 0, 'test', '1'),
(14, '11:00:00', '11:30:00', '2014-08-06', 1, 2, 0, 'test', '0'),
(15, '10:15:00', '11:15:00', '2014-08-09', 1, 2, 0, 'tesxst', '1'),
(17, '11:15:00', '12:00:00', '2014-08-10', 1, 2, 0, 'Latest approval', '0'),
(19, '13:15:00', '13:45:00', '2014-08-09', 1, 2, 0, 'jjkjkj', '0'),
(20, '12:15:00', '12:30:00', '2014-08-07', 1, 2, 0, 'kkkk', '0'),
(21, '12:30:00', '12:45:00', '2014-08-10', 1, 2, 0, 'sdsd', '0'),
(22, '16:00:00', '16:15:00', '2014-08-07', 1, 2, 0, 'fdfg', '0'),
(23, '14:15:00', '14:30:00', '2014-08-10', 1, 2, 0, 'fgh', '0'),
(24, '13:00:00', '15:00:00', '2014-08-08', 1, 2, 0, 'Test', '0'),
(25, '13:00:00', '13:15:00', '2014-08-06', 1, 2, 0, 'Test', '0'),
(26, '10:00:00', '10:15:00', '2014-08-22', 1, 14, 0, 'Reason for Visit', '0'),
(27, '09:30:00', '09:45:00', '2014-08-22', 1, 2, 0, 'Reason for Visit', '0'),
(30, '07:30:00', '07:45:00', '2014-09-21', 1, 2, 0, 'Reason for Visit', '1'),
(31, '10:00:00', '10:15:00', '2014-09-19', 1, 0, 0, 'Reason for Visit', '0'),
(32, '09:30:00', '09:45:00', '2014-09-24', 25, 2, 0, 'Reason for Visit', '0'),
(33, '09:45:00', '10:00:00', '2014-09-25', 25, 2, 0, 'Reason for Visit', '0'),
(34, '09:45:00', '10:00:00', '2014-09-25', 25, 2, 0, 'Reason for Visit', '0'),
(36, '12:00:00', '12:15:00', '2015-09-15', 1, 2, 0, 'Reason for Visit', '1'),
(37, '09:30:00', '09:45:00', '2015-09-15', 38, 2, 0, 'Reason for Visit', '0'),
(39, '09:45:00', '10:00:00', '2015-09-16', 31, 0, 0, 'Reason for Visit', '0'),
(40, '09:15:00', '09:30:00', '2015-09-15', 34, 0, 0, 'Reason for Visit', '0'),
(41, '09:15:00', '09:30:00', '2015-09-15', 34, 2, 0, 'Reason for Visit', '0'),
(42, '09:15:00', '09:30:00', '2015-09-16', 31, 2, 0, 'Reason for Visit', '0'),
(43, '09:00:00', '09:15:00', '2015-09-29', 93, 2, 0, 'Reason for Visit', '0'),
(44, '00:00:00', '01:15:00', '1970-01-01', 1, 0, 0, 'Ear Infection', '0'),
(45, '00:00:00', '01:15:00', '1970-01-01', 1, 0, 0, 'Tumor Affecting Hearing (Acoustic Neuroma, Meningioma, Astrocytoma)', '0'),
(46, '00:00:00', '01:15:00', '1970-01-01', 51, 0, 0, 'Problem with Balance', '0'),
(47, '00:00:00', '01:15:00', '1970-01-01', 1, 0, 0, 'Ear Infection', '0'),
(48, '00:00:00', '01:15:00', '1970-01-01', 1, 0, 0, 'Ear Infection', '0'),
(49, '00:00:00', '01:15:00', '1970-01-01', 3, 0, 0, 'Hearing Problems / Ringing in Ears', '0'),
(50, '00:00:00', '01:15:00', '1970-01-01', 1, 0, 0, 'Damage to the Ear and Disease of the Ear', '0'),
(51, '00:00:00', '01:15:00', '1970-01-01', 51, 0, 0, 'Hearing Problems / Ringing in Ears', '0'),
(52, '00:00:00', '01:15:00', '1970-01-01', 54, 0, 0, 'Evaluation for Cochlear Implant', '0'),
(53, '00:00:00', '01:15:00', '1970-01-01', 6, 0, 0, 'Damage to the Ear and Disease of the Ear', '0'),
(54, '00:00:00', '01:15:00', '1970-01-01', 51, 0, 0, 'Problem with Hearing Aid', '0'),
(55, '00:00:00', '01:15:00', '1970-01-01', 6, 0, 0, 'Dizziness / Vertigo', '0'),
(56, '00:00:00', '01:15:00', '1970-01-01', 3, 0, 0, 'Ear Infection', '0'),
(57, '00:00:00', '01:15:00', '1970-01-01', 8, 0, 0, 'Stroke', '0'),
(58, '00:00:00', '01:15:00', '1970-01-01', 1, 0, 0, 'Dizziness / Vertigo', '0'),
(59, '00:00:00', '01:15:00', '1970-01-01', 1, 0, 0, 'Dizziness / Vertigo', '0'),
(60, '10:30:00', '11:15:00', '2016-02-24', 1, 1, 0, '', '1'),
(61, '09:15:00', '09:30:00', '2016-02-25', 1, 1, 0, '', '1'),
(62, '09:15:00', '09:30:00', '2016-02-25', 1, 1, 0, '', '1'),
(63, '10:00:00', '10:45:00', '2016-02-25', 1, 1, 0, '', '1'),
(64, '10:30:00', '12:45:00', '2016-02-25', 1, 1, 0, '', '2'),
(65, '13:00:00', '13:15:00', '2016-02-25', 1, 1, 0, '', '0'),
(66, '00:00:00', '01:15:00', '1970-01-01', 55, 0, 0, 'Ear Infection', '0'),
(67, '00:00:00', '01:15:00', '1970-01-01', 55, 0, 0, 'Ear Infection', '0'),
(68, '00:00:00', '01:15:00', '1970-01-01', 1, 0, 0, 'Evaluation for Cochlear Implant', '0'),
(69, '00:00:00', '01:15:00', '1970-01-01', 1, 0, 0, 'Pediatric Audiology', '0'),
(70, '09:15:00', '09:30:00', '2016-02-24', 1, 1, 0, '', '0'),
(71, '09:15:00', '09:30:00', '2016-02-24', 1, 1, 0, '', '0'),
(72, '09:00:00', '09:15:00', '2016-02-25', 1, 1, 0, '', '1'),
(73, '09:00:00', '09:15:00', '2016-02-26', 1, 1, 0, '', '1'),
(74, '09:15:00', '09:30:00', '2016-02-27', 1, 1, 0, '', '0'),
(75, '09:00:00', '09:15:00', '2016-02-27', 1, 1, 0, '', '1'),
(76, '09:15:00', '09:30:00', '2016-02-28', 1, 1, 0, '', '0'),
(77, '09:00:00', '09:15:00', '2016-02-28', 1, 1, 0, '', '1'),
(83, '09:15:00', '09:30:00', '2016-02-25', 1, 2, 0, 'Reason for Visit', '1'),
(84, '09:45:00', '10:00:00', '2016-02-26', 1, 2, 0, 'Reason for Visit', '0'),
(85, '09:00:00', '09:15:00', '2016-02-26', 1, 2, 0, 'Reason for Visit', '0'),
(86, '09:15:00', '09:30:00', '2016-02-26', 1, 2, 0, 'Not Specified', '0'),
(87, '09:00:00', '09:15:00', '2016-03-09', 1, 2, 0, 'Damage to the Ear and Disease of the Ear', '0'),
(88, '09:00:00', '09:15:00', '2016-03-15', 93, 2, 0, 'Problem with Hearing Aid', '0'),
(89, '09:00:00', '09:15:00', '2016-03-12', 1, 5030, 0, 'Tumor Affecting Hearing (Acoustic Neuroma, Meningioma, Astrocytoma)', '0'),
(90, '09:15:00', '09:30:00', '2016-03-13', 1, 5030, 0, 'Dizziness / Vertigo', '0'),
(91, '09:00:00', '09:15:00', '2016-03-16', 1, 5031, 0, 'Stroke', '0'),
(92, '09:00:00', '09:15:00', '2016-03-17', 1, 2, 0, 'Not Specified', '1'),
(93, '09:00:00', '09:15:00', '2016-03-23', 1, 2, 0, 'Not Specified', '0'),
(94, '10:00:00', '10:15:00', '2016-03-21', 1, 0, 0, 'Ear Infection', '0'),
(95, '10:45:00', '11:00:00', '2016-03-24', 1, 1, 0, '', '0'),
(96, '10:30:00', '10:45:00', '2016-03-23', 1, 5039, 0, 'Stroke', '0'),
(97, '09:15:00', '09:30:00', '2016-03-22', 3, 5040, 0, 'Hearing Test', '0'),
(98, '09:15:00', '09:30:00', '2016-03-25', 1, 5038, 0, 'Not Specified', '1'),
(99, '10:30:00', '10:45:00', '2016-03-22', 5042, 2, 0, 'Not Specified', '1'),
(100, '08:15:00', '08:30:00', '2016-04-02', 5043, 2, 0, 'Ear Infection', '0'),
(101, '10:00:00', '10:15:00', '2016-03-30', 5043, 2, 0, 'Not Specified', '1'),
(102, '10:30:00', '10:45:00', '2016-04-02', 5043, 2, 0, 'Not Specified', '1'),
(103, '11:00:00', '11:15:00', '2016-04-07', 1, 2, 0, 'Not Specified', '0'),
(104, '09:15:00', '09:30:00', '2016-05-14', 5048, 0, 0, ' Allergic Cough', '0'),
(105, '09:15:00', '09:30:00', '2016-07-07', 1, 5049, 0, ' Food Intolerance / Allergy', '0'),
(106, '13:00:00', '14:45:00', '2016-07-05', 5048, 5048, 0, 'Doctor Test', '0'),
(107, '08:30:00', '08:45:00', '2016-07-19', 5042, 5049, 0, ' Allergic Cough', '0'),
(108, '08:45:00', '09:00:00', '2016-07-19', 5042, 2, 0, ' Allergic Cough', '0'),
(109, '09:00:00', '09:15:00', '2016-07-20', 8, 5039, 0, ' Allergic Cough', '1'),
(110, '09:00:00', '09:15:00', '2016-07-24', 1, 2, 0, ' Allergic Cough', '0'),
(111, '09:15:00', '09:30:00', '2016-07-22', 1, 2, 0, ' Allergic Cough', '0'),
(113, '09:30:00', '09:45:00', '2016-07-26', 5048, 5049, 0, ' Allergic Cough', '1'),
(114, '09:15:00', '09:30:00', '2016-09-15', 3, 5049, 0, ' Allergic Cough', '0'),
(115, '09:15:00', '09:30:00', '2016-09-15', 6, 5049, 0, ' Allergic Cough', '0'),
(116, '09:00:00', '09:15:00', '2016-09-15', 1, 5049, 0, ' Allergic Cough', '0'),
(117, '13:00:00', '13:15:00', '2016-10-05', 5048, 5049, 0, ' Allergic Cough', '1'),
(118, '13:45:00', '14:00:00', '2016-10-05', 5048, 5049, 0, ' Allergic Cough', '1'),
(119, '10:00:00', '10:15:00', '2016-10-06', 5048, 5049, 0, ' Allergic Cough', '1'),
(120, '13:00:00', '13:15:00', '2016-10-12', 5048, 5049, 0, 'Other ', '1'),
(121, '09:30:00', '09:45:00', '2016-11-01', 3, 5049, 0, ' Allergic Cough', '0'),
(122, '13:00:00', '13:15:00', '2016-11-02', 5048, 5049, 0, ' Allergic Cough', '1'),
(123, '08:45:00', '09:00:00', '2016-11-14', 1, 5049, 0, ' Ear Infection', '0'),
(124, '09:00:00', '09:15:00', '2016-11-12', 1, 5049, 0, ' Allergic Cough', '0'),
(125, '09:15:00', '09:30:00', '2016-11-14', 5057, 5058, 0, ' Cholesterol / Lipids Checkup', '1'),
(126, '08:30:00', '08:45:00', '2016-11-22', 5042, 5049, 0, ' Allergic Cough', '0'),
(127, '09:00:00', '09:15:00', '2016-12-13', 5048, 5049, 0, ' Allergic Cough', '1'),
(128, '09:45:00', '10:00:00', '2016-12-12', 5048, 5049, 0, ' Allergic Cough', '1'),
(129, '13:45:00', '14:00:00', '2016-12-14', 5048, 5049, 0, ' Allergic Cough', '1'),
(131, '10:00:00', '10:15:00', '2017-01-17', 5048, 5049, 0, ' Allergic Cough', '0'),
(132, '13:30:00', '13:45:00', '2017-01-18', 5048, 5049, 0, ' Allergic Cough', '1'),
(133, '09:45:00', '10:00:00', '2017-01-18', 1, 5049, 0, ' Allergic Cough', '0'),
(134, '09:45:00', '10:00:00', '2017-02-03', 5048, 5049, 0, ' Allergic Cough', '1'),
(135, '08:00:00', '08:15:00', '2017-03-21', 5042, 5049, 0, ' Allergic Cough', '0'),
(136, '10:00:00', '10:15:00', '2017-03-27', 5042, 5049, 0, ' Allergic Cough', '0'),
(137, '10:00:00', '10:15:00', '2017-03-27', 5048, 5049, 0, ' Allergic Cough', '0'),
(138, '09:45:00', '10:00:00', '2017-04-12', 1, 0, 0, ' Allergic Cough', '0'),
(139, '08:15:00', '08:30:00', '2017-04-24', 1, 2, 0, ' Allergy Consultation', '0'),
(140, '08:30:00', '08:45:00', '2017-05-22', 1, 5072, 0, ' Allergic Cough', '0'),
(141, '09:00:00', '09:15:00', '2017-05-23', 5042, 5049, 0, ' Allergic Cough', '0'),
(142, '09:45:00', '10:00:00', '2017-05-26', 5048, 5049, 0, ' Allergic Cough', '1'),
(144, '09:00:00', '09:15:00', '2017-05-27', 1, 5073, 0, ' Blood Work', '0'),
(145, '09:00:00', '09:15:00', '2017-06-22', 8, 2, 0, 'illness', '0'),
(146, '10:00:00', '10:15:00', '2017-08-03', 5048, 5049, 0, 'something', '0'),
(147, '10:00:00', '10:15:00', '2017-08-04', 5048, 5049, 0, 'someting', '0'),
(148, '09:00:00', '09:15:00', '2017-08-04', 1, 2, 0, '', '0'),
(149, '09:15:00', '09:30:00', '2017-08-11', 1, 2, 0, '', '0'),
(153, '10:15:00', '00:00:00', '2017-08-14', 5048, 5049, 0, '', '1'),
(156, '09:30:00', '00:00:00', '2017-08-15', 1, 2, 0, '', '0'),
(157, '10:30:00', '00:00:00', '2017-08-15', 1, 2, 0, '', '0'),
(158, '12:00:00', '00:00:00', '2017-08-15', 1, 2, 0, '', '0'),
(159, '09:30:00', '09:45:00', '2017-08-15', 3, 2, 0, '', '1'),
(160, '10:00:00', '10:15:00', '2017-08-17', 5048, 5049, 0, 'test', '0'),
(161, '09:45:00', '10:00:00', '2017-08-30', 1, 2, 0, 'Test', '1'),
(162, '10:30:00', '10:45:00', '2017-09-01', 5048, 5049, 0, 'sick', '0'),
(165, '11:45:00', '12:00:00', '2017-08-31', 1, 2, 0, 'FirstVisit', '1'),
(166, '12:30:00', '12:45:00', '2017-08-31', 1, 1, 0, '', '0'),
(169, '09:00:00', '09:15:00', '2017-08-31', 1, 1, 0, 'Testing', '1'),
(170, '09:30:00', '09:45:00', '2017-08-31', 1, 1, 0, 'one more', '0'),
(171, '10:00:00', '10:15:00', '2017-08-31', 1, 1, 0, 'test cancelled appointment', '2'),
(172, '00:00:00', '00:00:00', '0000-00-00', 1, 1, 0, '', '0'),
(173, '09:00:00', '09:15:00', '2017-09-01', 1, 1, 0, '', '0'),
(174, '09:00:00', '09:15:00', '2017-09-03', 1, 2, 0, '', '1'),
(175, '09:15:00', '09:30:00', '2017-09-02', 7, 0, 0, '', '0'),
(177, '09:15:00', '09:30:00', '2017-09-05', 1, 5101, 0, '', '1'),
(178, '14:30:00', '14:45:00', '2017-09-03', 0, 2, 0, '', '0'),
(179, '11:30:00', '11:45:00', '2017-09-03', 0, 2, 0, '', '0'),
(181, '09:00:00', '09:15:00', '2017-09-04', 3, 2, 0, '', '0'),
(182, '09:15:00', '09:30:00', '2017-09-03', 1, 2, 0, '', '1'),
(183, '08:45:00', '09:00:00', '2017-09-04', 1, 2, 0, '', '0'),
(184, '09:30:00', '09:45:00', '2017-09-06', 1, 2, 0, '', '1'),
(185, '09:15:00', '09:30:00', '2017-09-08', 1, 2, 0, '', '0'),
(186, '08:30:00', '08:45:00', '2017-09-04', 1, 5102, 0, '', '0'),
(187, '09:45:00', '10:00:00', '2017-09-08', 5048, 5049, 0, 'cough', '1'),
(188, '12:15:00', '12:30:00', '2017-09-14', 5104, 5105, 0, 'sick', '0'),
(189, '09:15:00', '09:30:00', '2017-09-09', 3, 5105, 0, 'check up', '0'),
(190, '09:15:00', '09:30:00', '2017-09-11', 5103, 5102, 0, 'Illness', '0'),
(191, '09:30:00', '09:45:00', '2017-09-11', 5103, 5102, 0, 'sick', '0'),
(192, '09:45:00', '10:00:00', '2017-09-11', 5103, 5102, 0, 'sick', '0'),
(193, '09:00:00', '09:15:00', '2017-09-11', 5103, 5102, 0, 'sick', '0'),
(194, '10:00:00', '10:15:00', '2017-09-11', 5103, 5102, 0, 'sick', '0'),
(195, '10:15:00', '10:30:00', '2017-09-11', 5103, 5102, 0, 'sick', '0'),
(196, '10:30:00', '10:45:00', '2017-09-11', 5103, 5102, 0, 'sick', '2'),
(197, '10:45:00', '11:00:00', '2017-09-11', 5103, 5102, 0, 'sick', '2'),
(198, '10:00:00', '10:15:00', '2017-09-15', 5048, 5111, 0, 'Cough', '1'),
(199, '09:00:00', '09:15:00', '2017-09-17', 5057, 5057, 0, '', '0'),
(200, '09:00:00', '09:15:00', '2017-09-28', 1, 1, 0, 'Test', '2'),
(201, '11:00:00', '11:15:00', '2017-09-28', 1, 1, 0, 'New one', '0'),
(202, '13:45:00', '14:00:00', '2017-09-27', 5048, 5111, 0, 'Cough', '1'),
(203, '10:00:00', '10:15:00', '2017-09-23', 7, 5114, 0, 'Health ISsue', '0'),
(204, '09:30:00', '09:45:00', '2017-09-23', 7, 5114, 0, 'Test', '0'),
(205, '09:00:00', '09:15:00', '2017-09-24', 6, 5114, 0, 'Heart Pain', '0'),
(207, '08:15:00', '08:30:00', '2017-09-25', 1, 2, 0, 'illness', '0'),
(208, '09:45:00', '10:00:00', '2017-09-25', 5048, 5111, 0, 'test', '0'),
(209, '09:45:00', '10:00:00', '2017-09-25', 3, 5114, 0, 'Heart', '0'),
(210, '08:30:00', '08:45:00', '2017-10-14', 5104, 5105, 0, 'reason', '0');

-- --------------------------------------------------------

--
-- Table structure for table `scad_doctor_insurance`
--

CREATE TABLE IF NOT EXISTS `scad_doctor_insurance` (
  `id` int(11) NOT NULL AUTO_INCREMENT,
  `doctor_id` int(11) NOT NULL COMMENT 'get>users-firstname',
  `insurance_id` int(11) NOT NULL COMMENT 'get>insurance-name',
  `sub_insurance_id` int(11) NOT NULL COMMENT 'get>insurance-name',
  PRIMARY KEY (`id`)
) ENGINE=MyISAM  DEFAULT CHARSET=latin1 AUTO_INCREMENT=27 ;

--
-- Dumping data for table `scad_doctor_insurance`
--

INSERT INTO `scad_doctor_insurance` (`id`, `doctor_id`, `insurance_id`, `sub_insurance_id`) VALUES
(26, 1, 123, 0),
(25, 1, 774, 0),
(24, 1, 15, 0);

-- --------------------------------------------------------

--
-- Table structure for table `scad_doctor_languages`
--

CREATE TABLE IF NOT EXISTS `scad_doctor_languages` (
  `id` int(11) NOT NULL AUTO_INCREMENT,
  `doctor_id` varchar(255) NOT NULL COMMENT 'get>users-firstname',
  `language_id` varchar(255) NOT NULL COMMENT 'get>languages-name',
  PRIMARY KEY (`id`)
) ENGINE=InnoDB  DEFAULT CHARSET=latin1 AUTO_INCREMENT=49 ;

--
-- Dumping data for table `scad_doctor_languages`
--

INSERT INTO `scad_doctor_languages` (`id`, `doctor_id`, `language_id`) VALUES
(39, '1', '9'),
(40, '1', '70'),
(41, '1', '15'),
(44, '5104', '35'),
(45, '5104', '104'),
(46, '5057', '18'),
(47, '5048', '35'),
(48, '5048', '113');

-- --------------------------------------------------------

--
-- Table structure for table `scad_doctor_speciality`
--

CREATE TABLE IF NOT EXISTS `scad_doctor_speciality` (
  `id` int(11) NOT NULL AUTO_INCREMENT,
  `doctor_id` int(11) NOT NULL COMMENT 'join>users',
  `speciality_id` int(11) NOT NULL COMMENT 'join>speciality',
  `speciality_status` enum('0','1') NOT NULL DEFAULT '1' COMMENT '1->Active,0->Inactive',
  PRIMARY KEY (`id`)
) ENGINE=MyISAM  DEFAULT CHARSET=latin1 AUTO_INCREMENT=47 ;

--
-- Dumping data for table `scad_doctor_speciality`
--

INSERT INTO `scad_doctor_speciality` (`id`, `doctor_id`, `speciality_id`, `speciality_status`) VALUES
(36, 1, 34, '1'),
(35, 1, 4, '1'),
(34, 1, 6, '1'),
(33, 1, 5, '1'),
(44, 5048, 41, '1'),
(43, 5048, 4, '1'),
(39, 5104, 1, '1'),
(40, 5104, 2, '1'),
(41, 5104, 18, '1'),
(42, 5057, 3, '1'),
(45, 5048, 3, '1'),
(46, 5048, 11, '1');

-- --------------------------------------------------------

--
-- Table structure for table `scad_gendertypes`
--

CREATE TABLE IF NOT EXISTS `scad_gendertypes` (
  `id` int(11) NOT NULL AUTO_INCREMENT,
  `name` varchar(255) NOT NULL,
  PRIMARY KEY (`id`)
) ENGINE=MyISAM  DEFAULT CHARSET=latin1 AUTO_INCREMENT=3 ;

--
-- Dumping data for table `scad_gendertypes`
--

INSERT INTO `scad_gendertypes` (`id`, `name`) VALUES
(1, 'Male'),
(2, 'Female');

-- --------------------------------------------------------

--
-- Table structure for table `scad_illness`
--

CREATE TABLE IF NOT EXISTS `scad_illness` (
  `id` int(11) NOT NULL AUTO_INCREMENT,
  `name` varchar(255) NOT NULL,
  PRIMARY KEY (`id`)
) ENGINE=MyISAM  DEFAULT CHARSET=latin1 AUTO_INCREMENT=60 ;

--
-- Dumping data for table `scad_illness`
--

INSERT INTO `scad_illness` (`id`, `name`) VALUES
(1, 'Abscess Acne'),
(2, ' Allergic Cough'),
(3, ' Allergy Consultation'),
(4, ' Annual Physical'),
(5, ' Anti-Aging Treatment'),
(6, ' Arthritis'),
(7, ' Asthma'),
(8, ' Blood Work'),
(9, ' Botox Treatment'),
(10, ' Cardiovascular Screening Visit'),
(11, ' Cerumen Removal'),
(12, ' Cholesterol / Lipids Checkup'),
(13, ' Colon Cancer Screening'),
(14, ' Disability Evaluation'),
(15, ' Ear Infection'),
(16, ' ECG / EKG'),
(17, ' Eczema'),
(18, ' Flu Shot'),
(19, ' Food Intolerance / Allergy'),
(20, ' Frequent Urination'),
(21, ' General Consultation'),
(22, ' General Follow Up'),
(23, ' Hair Loss'),
(24, ' Hearing Problems / Ringing in Ears'),
(25, ' High Blood Pressure / Hypertension'),
(26, ' Hoarseness / Voice Disorder'),
(27, ' Illness'),
(28, ' Incontinence'),
(29, ' Injury/Minor Laceration'),
(30, ' Irritable Bowel Syndrome'),
(31, ' Joint Injection'),
(32, ' Migraine'),
(33, ' Pneumonia'),
(34, ' Prescription / Refill'),
(35, ' Pre-Surgery Checkup'),
(36, ' Pre-Travel Checkup'),
(37, ' Pre-Travel Consultation'),
(38, ' Pulmonary Function Testing'),
(39, ' Pyelonephritis'),
(40, ' Screening for Disease / Preventive Medicine'),
(41, ' Sickle Cell Disease'),
(42, ' Sinus Problems'),
(43, ' Skin Biopsy / Removal of Skin Lesion'),
(44, ' Sleep Problems'),
(45, ' Sore Throat'),
(46, ' Spirometry'),
(47, ' Sports Physical'),
(48, ' STD (Sexually Transmitted Disease)'),
(49, ' Swelling in Neck '),
(50, ' Thyroid Consultation'),
(51, ' Ultrasound'),
(52, ' Urinary Tract Infection'),
(53, ' Vaginal Discharge / Infection'),
(54, ' Varicose Vein(s)'),
(55, ' Vertigo'),
(56, ' Wart(s)'),
(57, ' Weight Loss Consultation'),
(58, ' Worker(s) Compensation / Disability Evaluation'),
(59, ' Wound Care');

-- --------------------------------------------------------

--
-- Table structure for table `scad_insurance`
--

CREATE TABLE IF NOT EXISTS `scad_insurance` (
  `id` int(11) NOT NULL,
  `name` varchar(255) NOT NULL,
  `insurance_sk` varchar(200) NOT NULL,
  `parent_id` int(11) NOT NULL COMMENT 'join>insurance',
  `status` enum('0','1') NOT NULL COMMENT '1->Active,0->Inactive',
  PRIMARY KEY (`id`)
) ENGINE=MyISAM DEFAULT CHARSET=latin1;

--
-- Dumping data for table `scad_insurance`
--

INSERT INTO `scad_insurance` (`id`, `name`, `insurance_sk`, `parent_id`, `status`) VALUES
(1, 'AARP', 'aarp', 0, '0'),
(2, 'AARP MEDICARE ADVANTAGE HMO', 'aarp medicare advantage hmo', 1, '0'),
(3, 'AARP MEDICARE ADVANTAGE POS', 'aarp medicare advantage pos', 1, '0'),
(4, 'AARP MEDICARE ADVANTAGE PPO', 'aarp medicare advantage ppo', 1, '0'),
(5, 'AARP MEDICARE COMPLETE (HMO)', 'aarp medicare complete (hmo)', 1, '0'),
(6, 'AARP MEDICARE SUPPLEMENT', 'aarp medicare supplement', 1, '0'),
(7, 'AARP MEDICARECOMPLETE CHOICE (PPO)', 'aarp medicarecomplete choice (ppo)', 1, '0'),
(8, 'AARP MEDICARECOMPLETE PLUS (HMO-POS)', 'aarp medicarecomplete plus (hmo-pos)', 1, '0'),
(9, 'AARP MEDICARECOMPLETESECUREHORIZONS', 'aarp medicarecompletesecurehorizons', 1, '0'),
(10, 'AARP PERSONAL HEALTH INSURANCE PLAN', 'aarp personal health insurance plan', 1, '0'),
(11, 'HEARING CARE PROGRAM (HEAR USA)', 'hearing care program (hear usa)', 1, '0'),
(12, 'HIGH DEDUCTIBLE', 'high deductible', 1, '0'),
(13, 'PREMIER', 'premier', 1, '0'),
(14, 'PREVENTATIVE AND HOSPITAL CARE', 'preventative and hospital care', 1, '0'),
(15, 'AETNA', 'aetna', 0, '0'),
(16, 'AETNA AFFORDABLE HEALTH CHOICES LIMITED BENEFITS INSURANCE PLAN', 'aetna affordable health choices limited benefits insurance plan', 15, '0'),
(17, 'AETNA BASIC HMO', 'aetna basic hmo', 15, '0'),
(18, 'AETNA CHOICE POS (AETNA HEALTHFUND)', 'aetna choice pos (aetna healthfund)', 15, '0'),
(19, 'AETNA CHOICE POS II (AETNA HEALTHFUND)', 'aetna choice pos ii (aetna healthfund)', 15, '0'),
(20, 'AETNA CHOICE? POS (OPEN ACCESS)', 'aetna choice? pos (open access)', 15, '0'),
(21, 'AETNA CHOICE? POS II (OPEN ACCESS)', 'aetna choice? pos ii (open access)', 15, '0'),
(22, 'AETNA GOLDEN CHOICE PLAN (PPO)', 'aetna golden choice plan (ppo)', 15, '0'),
(23, 'AETNA GOLDEN MEDICARE PLAN (HMO)', 'aetna golden medicare plan (hmo)', 15, '0'),
(24, 'AETNA HEALTH NETWORK ONLY (OPEN ACCESS)', 'aetna health network only (open access)', 15, '0'),
(25, 'AETNA HEALTH NETWORK OPTION (OPEN ACCESS)', 'aetna health network option (open access)', 15, '0'),
(26, 'AETNA HEALTHFUND? AETNA CHOICE? POS', 'aetna healthfund? aetna choice? pos', 15, '0'),
(27, 'AETNA HEALTHFUND? AETNA HEALTH NETWORK ONLY (OPEN ACCESS)', 'aetna healthfund? aetna health network only (open access)', 15, '0'),
(28, 'AETNA HEALTHFUND? AETNA HEALTH NETWORK OPTION (OPEN ACCESS)', 'aetna healthfund? aetna health network option (open access)', 15, '0'),
(29, 'AETNA HEALTHFUND? HMO', 'aetna healthfund? hmo', 15, '0'),
(30, 'AETNA HEALTHFUND? OPEN ACCESS AETNA SELECT?', 'aetna healthfund? open access aetna select?', 15, '0'),
(31, 'AETNA HEALTHFUND? OPEN ACCESS POS II', 'aetna healthfund? open access pos ii', 15, '0'),
(32, 'AETNA MEDICARE OPEN (PRIVATE FEE-FOR-SERVICE)', 'aetna medicare open (private fee-for-service)', 15, '0'),
(33, 'AETNA MEDICARE PLAN (HMO/OPEN ACCESS HMO)', 'aetna medicare plan (hmo/open access hmo)', 15, '0'),
(34, 'AETNA MEDICARE PLAN (PPO)', 'aetna medicare plan (ppo)', 15, '0'),
(35, 'AETNA MEDICARE SELECT (HMO)', 'aetna medicare select (hmo)', 15, '0'),
(36, 'AETNA MEDICARE SPECIAL NEEDS', 'aetna medicare special needs', 15, '0'),
(37, 'AETNA OPEN ACCESS ELECT CHOICE? EPO (AETNA HEALTH FUND)', 'aetna open access elect choice? epo (aetna health fund)', 15, '0'),
(38, 'AETNA OPEN ACCESS MANAGED CHOICE? POS (AETNA HEALTH FUND)', 'aetna open access managed choice? pos (aetna health fund)', 15, '0'),
(39, 'AETNA OPEN ACCESS? HMO', 'aetna open access? hmo', 15, '0'),
(40, 'AETNA SELECT (OPEN ACCESS)', 'aetna select (open access)', 15, '0'),
(41, 'AETNA SELECT?', 'aetna select?', 15, '0'),
(42, 'AETNA VALUE NETWORK HMO', 'aetna value network hmo', 15, '0'),
(43, 'AETNA VISION', 'aetna vision', 15, '0'),
(44, 'AETNA VOLUNTARY PLAN', 'aetna voluntary plan', 15, '0'),
(45, 'AETNA WHOLE HEALTH - AURORA ACCOUNTABLE CARE NETWORK', 'aetna whole health - aurora accountable care network', 15, '0'),
(46, 'AETNA WHOLE HEALTH - BANNER HEALTH NETWORK HMO', 'aetna whole health - banner health network hmo', 15, '0'),
(47, 'AETNA WHOLE HEALTH - BANNER HEALTH OAMC', 'aetna whole health - banner health oamc', 15, '0'),
(48, 'AETNA WHOLE HEALTH - MW COMM. HEALTH SOLUTIONS', 'aetna whole health - mw comm. health solutions', 15, '0'),
(49, 'AETNA WORKERS'' COMP ACCESS', 'aetna workers'' comp access', 15, '0'),
(50, 'AEXCEL AETNA SELECT', 'aexcel aetna select', 15, '0'),
(51, 'AEXCEL AETNA SELECT (OPEN ACCESS)', 'aexcel aetna select (open access)', 15, '0'),
(52, 'AEXCEL CHOICE POS II', 'aexcel choice pos ii', 15, '0'),
(53, 'AEXCEL CHOICE POS II (AETNA HEALTHFUND)', 'aexcel choice pos ii (aetna healthfund)', 15, '0'),
(54, 'AEXCEL ELECT CHOICE EPO', 'aexcel elect choice epo', 15, '0'),
(55, 'AEXCEL ELECT CHOICE EPO (OPEN ACCESS)', 'aexcel elect choice epo (open access)', 15, '0'),
(56, 'AEXCEL MANAGED CHOICE POS', 'aexcel managed choice pos', 15, '0'),
(57, 'AEXCEL MANAGED CHOICE POS (OPEN ACCESS)', 'aexcel managed choice pos (open access)', 15, '0'),
(58, 'AEXCEL OPEN ACCESS AETNA SELECT (AETNA HEALTHFUND)', 'aexcel open access aetna select (aetna healthfund)', 15, '0'),
(59, 'AEXCEL OPEN ACCESS ELECT CHOICE (AETNA HEALTHFUND)', 'aexcel open access elect choice (aetna healthfund)', 15, '0'),
(60, 'AEXCEL OPEN ACCESS MANAGED CHOICE POS (HEALTHFUND)', 'aexcel open access managed choice pos (healthfund)', 15, '0'),
(61, 'AEXCEL PLUS AETNA SELECT', 'aexcel plus aetna select', 15, '0'),
(62, 'AEXCEL PLUS AETNA SELECT (OPEN ACCESS)', 'aexcel plus aetna select (open access)', 15, '0'),
(63, 'AEXCEL PLUS CHOICE POS II', 'aexcel plus choice pos ii', 15, '0'),
(64, 'AEXCEL PLUS CHOICE POS II (AETNA HEALTHFUND)', 'aexcel plus choice pos ii (aetna healthfund)', 15, '0'),
(65, 'AEXCEL PLUS ELECT CHOICE EPO', 'aexcel plus elect choice epo', 15, '0'),
(66, 'AEXCEL PLUS ELECT CHOICE EPO (OPEN ACCESS)', 'aexcel plus elect choice epo (open access)', 15, '0'),
(67, 'AEXCEL PLUS MANAGED CHOICE POS', 'aexcel plus managed choice pos', 15, '0'),
(68, 'AEXCEL PLUS MANAGED CHOICE POS (OPEN ACCESS)', 'aexcel plus managed choice pos (open access)', 15, '0'),
(69, 'AEXCEL PLUS OPEN ACCESS AETNA SELECT (AETNA HEALTHFUND)', 'aexcel plus open access aetna select (aetna healthfund)', 15, '0'),
(70, 'AEXCEL PLUS OPEN ACCESS ELECT CHOICE (AETNA HEALTHFUND)', 'aexcel plus open access elect choice (aetna healthfund)', 15, '0'),
(71, 'AEXCEL PLUS OPEN ACCESS MANAGED CHOICE POS (HEALTHFUND)', 'aexcel plus open access managed choice pos (healthfund)', 15, '0'),
(72, 'AEXCEL PLUS PPO', 'aexcel plus ppo', 15, '0'),
(73, 'AEXCEL PLUS PPO (AETNA HEALTHFUND)', 'aexcel plus ppo (aetna healthfund)', 15, '0'),
(74, 'AEXCEL PPO', 'aexcel ppo', 15, '0'),
(75, 'AEXCEL PPO (AETNA HEALTHFUND)', 'aexcel ppo (aetna healthfund)', 15, '0'),
(76, 'AFFORDABLE HEALTH CHOICES', 'affordable health choices', 15, '0'),
(77, 'BEHAVIORAL HEALTHCARE PROGRAM', 'behavioral healthcare program', 15, '0'),
(78, 'BETTER HEALTH', 'better health', 15, '0'),
(79, 'BETTER HEALTH KIDS PENNSYLVANIA', 'better health kids pennsylvania', 15, '0'),
(80, 'ELECT CHOICE EPO (OPEN ACCESS)', 'elect choice epo (open access)', 15, '0'),
(81, 'ELECT CHOICE? (EPO)', 'elect choice? (epo)', 15, '0'),
(82, 'EMPLOYEE ASSISTANCE PROGRAM', 'employee assistance program', 15, '0'),
(83, 'HCA WELL CARE (LEVELS 1 & 2)', 'hca well care (levels 1 & 2)', 15, '0'),
(84, 'HEALTHY NEW YORK HMO', 'healthy new york hmo', 15, '0'),
(85, 'HMO', 'hmo', 15, '0'),
(86, 'HMO (OPEN ACCESS)', 'hmo (open access)', 15, '0'),
(87, 'HMO DEDUCTIBLE PLAN', 'hmo deductible plan', 15, '0'),
(88, 'HMO DEDUCTIBLE PLAN (CA MEMBERS ONLY)', 'hmo deductible plan (ca members only)', 15, '0'),
(89, 'LM HEALTHWORKS', 'lm healthworks', 15, '0'),
(90, 'MANAGED CHOICE OPEN ACCESS', 'managed choice open access', 15, '0'),
(91, 'MANAGED CHOICE? (POS)', 'managed choice? (pos)', 15, '0'),
(92, 'MANAGED CHOICE? POS (OPEN ACCESS)', 'managed choice? pos (open access)', 15, '0'),
(93, 'MEDICARE PLAN (HMO / OPEN ACCESS HMO)', 'medicare plan (hmo / open access hmo)', 15, '0'),
(94, 'MEDICARE PLAN (PPO)', 'medicare plan (ppo)', 15, '0'),
(95, 'NATIONAL ADVANTAGE PROGRAM', 'national advantage program', 15, '0'),
(96, 'NEW YORK CERTIFIED PPO (WORKERS'' COMP)', 'new york certified ppo (workers'' comp)', 15, '0'),
(97, 'NEW YORK RECOMMENDATION OF CARE PPO (WORKERS'' COMP)', 'new york recommendation of care ppo (workers'' comp)', 15, '0'),
(98, 'NYC COMMUNITY PLAN', 'nyc community plan', 15, '0'),
(99, 'OPEN ACCESS AETNA SELECT (AETNA HEALTH FUND)', 'open access aetna select (aetna health fund)', 15, '0'),
(100, 'OPEN CHOICE? (PPO)', 'open choice? (ppo)', 15, '0'),
(101, 'OPEN CHOICE? PPO (AETNA HEALTH FUND)', 'open choice? ppo (aetna health fund)', 15, '0'),
(102, 'PCP REFERRAL PLAN (TX ONLY)', 'pcp referral plan (tx only)', 15, '0'),
(103, 'PREVENTATIVE AND HOSPITAL CARE 3000', 'preventative and hospital care 3000', 15, '0'),
(104, 'QUALITY POINT-OF-SERVICE? (QPOS?)', 'quality point-of-service? (qpos?)', 15, '0'),
(105, 'SAVINGS PLUS OF ARIZONA', 'savings plus of arizona', 15, '0'),
(106, 'SAVINGS PLUS OF CHICAGO, IL', 'savings plus of chicago, il', 15, '0'),
(107, 'SAVINGS PLUS OF FLORIDA (BREVARD AND TAMPA)', 'savings plus of florida (brevard and tampa)', 15, '0'),
(108, 'SAVINGS PLUS OF LAKE COUNTY, OH', 'savings plus of lake county, oh', 15, '0'),
(109, 'SAVINGS PLUS OF NEW JERSEY', 'savings plus of new jersey', 15, '0'),
(110, 'SAVINGS PLUS OF OKLAHOMA', 'savings plus of oklahoma', 15, '0'),
(111, 'SAVINGS PLUS OF TEXAS', 'savings plus of texas', 15, '0'),
(112, 'SIGNATURE ADMINISTRATORS', 'signature administrators', 15, '0'),
(113, 'STUDENT HEALTH PLANS', 'student health plans', 15, '0'),
(114, 'TEXAS CHIP', 'texas chip', 15, '0'),
(115, 'TEXAS STAR (MEDICAID)', 'texas star (medicaid)', 15, '0'),
(116, 'TEXAS WORKERS COMPENSATION HEALTH CARE NETWORK', 'texas workers compensation health care network', 15, '0'),
(117, 'TRADITIONAL CHOICE? INDEMNITY', 'traditional choice? indemnity', 15, '0'),
(118, 'VITALIDAD MEXICO CON AETNA', 'vitalidad mexico con aetna', 15, '0'),
(119, 'VITALIDAD PLUS CALIFORNIA CON AETNA', 'vitalidad plus california con aetna', 15, '0'),
(120, 'ALLEGIANCE LIFE AND HEALTH', 'allegiance_life_and_health', 0, '0'),
(121, 'GWH-CIGNA NATIONAL NETWORK', 'gwh-cigna national network', 120, '0'),
(122, 'MULTIPLAN NATIONAL NETWORK', 'multiplan national network', 120, '0'),
(123, 'ALLIANCE PPO', 'alliance_ppo', 0, '0'),
(124, 'PPO', 'ppo', 123, '0'),
(125, 'ALLIANT HEALTH PLANS', 'alliant_health_plans', 0, '0'),
(126, 'ALLIANT HEALTH PLANS', 'alliant_health_plans', 125, '0'),
(127, 'AMERICAN MEDICAL SECURITY (AMS)', 'american_medical_security', 0, '0'),
(128, 'FIRST HEALTH NETWORK', 'first health network', 127, '0'),
(129, 'AMERICAN NATIONAL', 'american_national', 0, '0'),
(130, 'FIRST HEALTH PPO', 'first health ppo', 128, '0'),
(131, 'AMERICAN REPUBLIC INSURANCE', 'american_republic_insurance', 0, '0'),
(132, 'FIRST HEALTH', 'first health', 131, '0'),
(133, 'AMERIGROUP', 'amerigroup', 0, '0'),
(134, 'MEDICAID', 'medicaid', 133, '0'),
(135, 'ANTHEM BLUE CROSS BLUE SHIELD', 'anthem_blue_cross_blue_shield', 0, '0'),
(136, 'ADVANTAGE HMO', 'advantage hmo', 135, '0'),
(137, 'ANTHEM HEALTHKEEPERS PLUS', 'anthem healthkeepers plus', 135, '0'),
(138, 'ANTHEM KEYCARE (PPO)', 'anthem keycare (ppo)', 135, '0'),
(139, 'ANTHEM KEYCARE POS', 'anthem keycare pos', 135, '0'),
(140, 'ANTHEM MEDIBLUE PREFERRED (PPO) (CONNECTICUT)', 'anthem mediblue preferred (ppo) (connecticut)', 135, '0'),
(141, 'ANTHEM MEDICARE PREFERRED', 'anthem medicare preferred', 135, '0'),
(142, 'ANTHEM MEDICARE PREFERRED (NEW HAMPSHIRE)', 'anthem medicare preferred (new hampshire)', 135, '0'),
(143, 'ANTHEM MEDICARE PREFERRED (PPO) (CALIFORNIA)', 'anthem medicare preferred (ppo) (california)', 135, '0'),
(144, 'ANTHEM MEDICARE PREFERRED (PPO) (COLORADO)', 'anthem medicare preferred (ppo) (colorado)', 135, '0'),
(145, 'ANTHEM MEDICARE PREFERRED (PPO) (INDIANA)', 'anthem medicare preferred (ppo) (indiana)', 135, '0'),
(146, 'ANTHEM MEDICARE PREFERRED (PPO) (KENTUCKY)', 'anthem medicare preferred (ppo) (kentucky)', 135, '0'),
(147, 'ANTHEM MEDICARE PREFERRED (PPO) (MAINE)', 'anthem medicare preferred (ppo) (maine)', 135, '0'),
(148, 'ANTHEM MEDICARE PREFERRED (PPO) (MISSOURI)', 'anthem medicare preferred (ppo) (missouri)', 135, '0'),
(149, 'ANTHEM MEDICARE PREFERRED (PPO) (NEVADA)', 'anthem medicare preferred (ppo) (nevada)', 135, '0'),
(150, 'ANTHEM MEDICARE PREFERRED (PPO) (OHIO)', 'anthem medicare preferred (ppo) (ohio)', 135, '0'),
(151, 'ANTHEM MEDICARE PREFERRED (PPO) (WISCONSIN)', 'anthem medicare preferred (ppo) (wisconsin)', 135, '0'),
(152, 'ANTHEM MEDICARE PREFERRED STANDARD (PPO) (CONNECTICUT)', 'anthem medicare preferred standard (ppo) (connecticut)', 135, '0'),
(153, 'ANTHEM VISION', 'anthem vision', 135, '0'),
(154, 'BEHAVIORAL HEALTH NETWORK HMO', 'behavioral health network hmo', 135, '0'),
(155, 'BEHAVIORAL HEALTH NETWORK PPO', 'behavioral health network ppo', 135, '0'),
(156, 'BLUE ACCESS CHOICE (PPO) (MISSOURI)', 'blue access choice (ppo) (missouri)', 135, '0'),
(157, 'BLUE ACCESS NETWORK (INDIANA)', 'blue access network (indiana)', 135, '0'),
(158, 'BLUE ACCESS PPO', 'blue access ppo', 135, '0'),
(159, 'BLUE CROSS HMO (CACARE) - INDIVIDUAL', 'blue cross hmo (cacare) - individual', 135, '0'),
(160, 'BLUE CROSS HMO (CACARE) - LARGE GROUP', 'blue cross hmo (cacare) - large group', 135, '0'),
(161, 'BLUE CROSS HMO (CACARE) - SMALL GROUP', 'blue cross hmo (cacare) - small group', 135, '0'),
(162, 'BLUE CROSS MEDICARE SUPPLEMENT', 'blue cross medicare supplement', 135, '0'),
(163, 'BLUE CROSS POS - HMO', 'blue cross pos - hmo', 135, '0'),
(164, 'BLUE CROSS PPO (PRUDENT BUYER) - INDIVIDUAL', 'blue cross ppo (prudent buyer) - individual', 135, '0'),
(165, 'BLUE CROSS PPO (PRUDENT BUYER) - LARGE GROUP', 'blue cross ppo (prudent buyer) - large group', 135, '0'),
(166, 'BLUE CROSS PPO (PRUDENT BUYER) - SMALL GROUP', 'blue cross ppo (prudent buyer) - small group', 135, '0'),
(167, 'BLUE CROSS SENIOR SECURE MEDICARE ADVANTAGE HMO I', 'blue cross senior secure medicare advantage hmo i', 135, '0'),
(168, 'BLUE MEDICARE ACCESS (RPPO)', 'blue medicare access (rppo)', 135, '0'),
(169, 'BLUE MEDICARE ADVANTAGE PPO', 'blue medicare advantage ppo', 135, '0'),
(170, 'BLUECARE HEALTH PLAN (WITH EXPANDED NETWORK)', 'bluecare health plan (with expanded network)', 135, '0'),
(171, 'CALIFORNIA: 51-99 EMPLOYEE ELECT', 'california: 51-99 employee elect', 135, '0'),
(172, 'CENTURY PREFERRED', 'century preferred', 135, '0'),
(173, 'CONNECTICUT: BLUECARE FAMILY PLAN', 'connecticut: bluecare family plan', 135, '0'),
(174, 'CONNECTICUT: STATE BLUECARE WITH EXPANDED NETWORK', 'connecticut: state bluecare with expanded network', 135, '0'),
(175, 'CONVERSION (PARTICIPATING)', 'conversion (participating)', 135, '0'),
(176, 'CORESHARE', 'coreshare', 135, '0'),
(177, 'EMPIRE DIRECT HMO', 'empire direct hmo', 135, '0'),
(178, 'EMPIRE DIRECT POS', 'empire direct pos', 135, '0'),
(179, 'EMPIRE DIRECT SHARE POS', 'empire direct share pos', 135, '0'),
(180, 'ESSENTIAL KEYCARE', 'essential keycare', 135, '0'),
(181, 'FEDERAL EMPLOYEE PROGRAM', 'federal employee program', 135, '0'),
(182, 'HEALTH CHOICE', 'health choice', 135, '0'),
(183, 'HEALTHY VIRGINIAN (PARTICIPATING)', 'healthy virginian (participating)', 135, '0'),
(184, 'INDIVIDUAL BASIC BLUECARE', 'individual basic bluecare', 135, '0'),
(185, 'INDIVIDUAL BASIC KEYCARE (PPO)', 'individual basic keycare (ppo)', 135, '0'),
(186, 'INDIVIDUAL KEYCARE (PPO)', 'individual keycare (ppo)', 135, '0'),
(187, 'INDVIVIDUALKEYCARE PREFERRED (PPO)', 'indvividualkeycare preferred (ppo)', 135, '0'),
(188, 'KEYCARE FLEXIBLE CHOICE', 'keycare flexible choice', 135, '0'),
(189, 'KEYCAREHEALTHSMART', 'keycarehealthsmart', 135, '0'),
(190, 'LUMENOS PLANS', 'lumenos plans', 135, '0'),
(191, 'MEDBLUE? HMO', 'medblue? hmo', 135, '0'),
(192, 'NATIONAL PPO (BLUECARD PPO)', 'national ppo (bluecard ppo)', 135, '0'),
(193, 'NEVADA: ANTHEM MEDICARE PREFERRED CORE', 'nevada: anthem medicare preferred core', 135, '0'),
(194, 'OPTION 1 OR OPTION 2', 'option 1 or option 2', 135, '0'),
(195, 'PPO (COLORADO)', 'ppo (colorado)', 135, '0'),
(196, 'PPO (NEVADA)', 'ppo (nevada)', 135, '0'),
(197, 'PPO USA (CONNECTICUT)', 'ppo usa (connecticut)', 135, '0'),
(198, 'PPO/EPO', 'ppo/epo', 135, '0'),
(199, 'PREFERRED BLUE', 'preferred blue', 135, '0'),
(200, 'PREFERRED BLUE FOR PPO (NEW HAMPSHIRE)', 'preferred blue for ppo (new hampshire)', 135, '0'),
(201, 'PREMIER (CONNECTICUT)', 'premier (connecticut)', 135, '0'),
(202, 'SELECT HMO', 'select hmo', 135, '0'),
(203, 'SELECT PPO', 'select ppo', 135, '0'),
(204, 'SHORT OPTION', 'short option', 135, '0'),
(205, 'SMARTSENSE PLUS', 'smartsense plus', 135, '0'),
(206, 'STANDARD 1 OR STANDARD 2', 'standard 1 or standard 2', 135, '0'),
(207, 'STATE PREFERRED', 'state preferred', 135, '0'),
(208, 'THE CONNECTICUT COALITION', 'the connecticut coalition', 135, '0'),
(209, 'THE LOCAL CHOICE - HDHP', 'the local choice - hdhp', 135, '0'),
(210, 'THE LOCAL CHOICE - KEY ADVANTAGE', 'the local choice - key advantage', 135, '0'),
(211, 'TONIK (CONNECTICUT)', 'tonik (connecticut)', 135, '0'),
(212, 'TRADITIONAL', 'traditional', 135, '0'),
(213, 'TRADITIONAL INDEMNITY', 'traditional indemnity', 135, '0'),
(214, 'TRI-STATE TEAMSTERS', 'tri-state teamsters', 135, '0'),
(215, 'VIRGINIA ADVANTAGE', 'virginia advantage', 135, '0'),
(216, 'VIRGINIA BASIC', 'virginia basic', 135, '0'),
(217, 'VIRGINIA SELECT', 'virginia select', 135, '0'),
(218, 'VIRGINIA STANDARD', 'virginia standard', 135, '0'),
(219, 'VIRGINIA: ANTHEM HEALTHKEEPERS (HEALTHKEEPERS, INC. - HMO)', 'virginia: anthem healthkeepers (healthkeepers, inc. - hmo)', 135, '0'),
(220, 'VIRGINIA: COMMONWEALTH OF VIRGINIA', 'virginia: commonwealth of virginia', 135, '0'),
(221, 'VIRGINIA: COMMONWEALTH OF VIRGINIA - HDHP', 'virginia: commonwealth of virginia - hdhp', 135, '0'),
(222, 'ANTHEM BLUE CROSS OF CALIFORNIA', 'anthem blue cross of california', 0, '0'),
(223, 'ANTHEM MEDICARE PREFERRED STANDARD (PPO)', 'anthem medicare preferred standard (ppo)', 222, '0'),
(224, 'BLUE CROSS PPO (PRUDENT BUYER)', 'blue cross ppo (prudent buyer)', 222, '0'),
(225, 'CLEARPROTECTION PLUS', 'clearprotection plus', 222, '0'),
(226, 'COREGUARD', 'coreguard', 222, '0'),
(227, 'LUMENOS PLANS (PPO)', 'lumenos plans (ppo)', 222, '0'),
(228, 'PPO SHARE', 'ppo share', 222, '0'),
(229, 'PREMIER PLUS PPO', 'premier plus ppo', 222, '0'),
(230, 'SELECT HMO', 'select hmo', 222, '0'),
(231, 'SMARTSENSE? PLUS', 'smartsense? plus', 222, '0'),
(232, 'SOLUTION PPO', 'solution ppo', 222, '0'),
(233, 'ARKANSAS BLUE CROSS BLUE SHIELD', 'arkansas blue cross blue shield', 0, '0'),
(234, 'ARKANSAS FIRSTSOURCE PPO', 'arkansas firstsource ppo', 233, '0'),
(235, 'BLUE SELECT PPO', 'blue select ppo', 233, '0'),
(236, 'BLUE SOLUTION PPO', 'blue solution ppo', 233, '0'),
(237, 'BLUECARE PPO', 'bluecare ppo', 233, '0'),
(238, 'COMPREHENSIVE BLUE PPO III', 'comprehensive blue ppo iii', 233, '0'),
(239, 'HSA BLUE PPO', 'hsa blue ppo', 233, '0'),
(240, 'MEDI-PAK ADVANTAGE (PPO)', 'medi-pak advantage (ppo)', 233, '0'),
(241, 'TRUE BLUE PPO', 'true blue ppo', 233, '0'),
(242, 'ASSURANT HEALTH', 'assurant health', 0, '0'),
(243, 'AETNA SIGNATURE ADMINISTRATORS PPO', 'aetna signature administrators ppo', 242, '0'),
(244, 'ASSURANT HEALTH ACCESS', 'assurant health access', 242, '0'),
(245, 'COREMED', 'coremed', 242, '0'),
(246, 'HEALTHLINK OPEN ACCESS', 'healthlink open access', 242, '0'),
(247, 'HEALTHLINK PPO', 'healthlink ppo', 242, '0'),
(248, 'INDIVIDUAL PLAN', 'individual plan', 242, '0'),
(249, 'PPO', 'ppo', 242, '0'),
(250, 'SHORT TERM', 'short term', 242, '0'),
(251, 'BEST CHOICE PLUS', 'best choice plus', 0, '0'),
(252, 'AETNA CHOICE POS II (HDHP)', 'aetna choice pos ii (hdhp)', 251, '0'),
(253, 'BEST LIFE AND HEALTH', 'best life and health', 0, '0'),
(254, 'FIRST HEALTH', 'first health', 253, '0'),
(255, 'BLUE CROSS BLUE SHIELD', 'blue cross blue shield', 0, '0'),
(256, 'BLUECARD PPO/EPO', 'bluecard ppo/epo', 255, '0'),
(257, 'BLUECARD TRADITIONAL', 'bluecard traditional', 255, '0'),
(258, 'FEDERAL EMPLOYEE PROGRAM - BASIC OPTION', 'federal employee program - basic option', 255, '0'),
(259, 'FEDERAL EMPLOYEE PROGRAM - STANDARD OPTION', 'federal employee program - standard option', 255, '0'),
(260, 'MEDICARE ADVANTAGE PPO', 'medicare advantage ppo', 255, '0'),
(261, 'PPO/EPO', 'ppo/epo', 255, '0'),
(262, 'TRADITIONAL', 'traditional', 255, '0'),
(263, 'BLUE CROSS BLUE SHIELD FEDERAL EMPLOYEE PROGRAM', 'blue cross blue shield federal employee program', 0, '0'),
(264, 'BASIC', 'basic', 263, '0'),
(265, 'STANDARD', 'standard', 263, '0'),
(266, 'BLUE CROSS BLUE SHIELD OF ALABAMA', 'blue cross blue shield of alabama', 0, '0'),
(267, 'PREFERRED PROVIDER ORGANIZATION (PPO)', 'preferred provider organization (ppo)', 266, '0'),
(268, 'TOTAL BLUE', 'total blue', 266, '0'),
(269, 'BLUE CROSS BLUE SHIELD OF ARIZONA', 'blue cross blue shield of arizona', 0, '0'),
(270, 'EPO', 'epo', 269, '0'),
(271, 'PPO', 'ppo', 269, '0'),
(272, 'BLUE CROSS BLUE SHIELD OF FLORIDA (FLORIDA BLUE)', 'blue cross blue shield of florida (florida blue)', 0, '0'),
(273, 'BLUEMEDICARE PPO / BLUEMEDICARE GROUP PPO', 'bluemedicare ppo / bluemedicare group ppo', 272, '0'),
(274, 'BLUEMEDICARE REGIONAL PPO', 'bluemedicare regional ppo', 272, '0'),
(275, 'BLUEOPTIONS', 'blueoptions', 272, '0'),
(276, 'BLUE CROSS BLUE SHIELD OF GEORGIA', 'blue cross blue shield of georgia', 0, '0'),
(277, 'BLUE ESSENTIAL OPEN ACCESS POS', 'blue essential open access pos', 276, '0'),
(278, 'BLUE ESSENTIAL PPO', 'blue essential ppo', 276, '0'),
(279, 'BLUE OPEN ACCESS POS', 'blue open access pos', 276, '0'),
(280, 'BLUECHOICE PPO (WITH BLUECARD PPO)', 'bluechoice ppo (with bluecard ppo)', 276, '0'),
(281, 'BLUECHOICE PREFERRED PROVIDER ORGANIZATION (PPO)', 'bluechoice preferred provider organization (ppo)', 276, '0'),
(282, 'EXCLUSIVE PROVIDER ORGANIZATION (EPO)', 'exclusive provider organization (epo)', 276, '0'),
(283, 'MEDICARE PREFERRED (PPO)', 'medicare preferred (ppo)', 276, '0'),
(284, 'TRADITIONAL HEALTH PLAN', 'traditional health plan', 276, '0'),
(285, 'BLUE CROSS BLUE SHIELD OF ILLINOIS', 'blue cross blue shield of illinois', 0, '0'),
(286, 'BLUEADVANTAGE ENTREPRENEUR PPO', 'blueadvantage entrepreneur ppo', 285, '0'),
(287, 'BLUEPRINT PPO', 'blueprint ppo', 285, '0'),
(288, 'PPO', 'ppo', 285, '0'),
(289, 'SELECTEMP PPO', 'selectemp ppo', 285, '0'),
(290, 'BLUE CROSS BLUE SHIELD OF KANSAS', 'blue cross blue shield of kansas', 0, '0'),
(291, 'AFFORDABLUE', 'affordablue', 290, '0'),
(292, 'BLUE CHOICE', 'blue choice', 290, '0'),
(293, 'COMPREHENSIVE MAJOR MEDICAL', 'comprehensive major medical', 290, '0'),
(294, 'BLUE CROSS BLUE SHIELD OF KANSAS CITY', 'blue cross blue shield of kansas city', 0, '0'),
(295, 'BLUEACCESS NETWORK', 'blueaccess network', 294, '0'),
(296, 'PREFERRED-CARE BLUE PREMIUM PPO', 'preferred-care blue premium ppo', 294, '0'),
(297, 'BLUE CROSS BLUE SHIELD OF LOUISIANA', 'blue cross blue shield of louisiana', 0, '0'),
(298, 'BLUEMAX', 'bluemax', 297, '0'),
(299, 'BLUESAVER', 'bluesaver', 297, '0'),
(300, 'BLUE CROSS BLUE SHIELD OF MASSACHUSETTS', 'blue cross blue shield of massachusetts', 0, '0'),
(301, 'BLUE PRECISION/PPO BLUE OPTIONS V.4', 'blue precision/ppo blue options v.4', 300, '0'),
(302, 'PREFERRED BLUE PPO', 'preferred blue ppo', 300, '0'),
(303, 'BLUE CROSS BLUE SHIELD OF MICHIGAN', 'blue cross blue shield of michigan', 0, '0'),
(304, 'BLUE CHOICE PPO', 'blue choice ppo', 303, '0'),
(305, 'BLUE PREFERRED PPO', 'blue preferred ppo', 303, '0'),
(306, 'CHRYSLER-NATIONAL PPO', 'chrysler-national ppo', 303, '0'),
(307, 'COMMUNITY BLUE/BLUE PREFERRED PLUS PPO', 'community blue/blue preferred plus ppo', 303, '0'),
(308, 'MEDICARE PLUS BLUE PPO', 'medicare plus blue ppo', 303, '0'),
(309, 'MESSA CHOICES II', 'messa choices ii', 303, '0'),
(310, 'MESSA CHOICES PPO', 'messa choices ppo', 303, '0'),
(311, 'MESSA SUPER CARE', 'messa super care', 303, '0'),
(312, 'MICHIGAN CONFERENCE OF TEAMSTERS WELFARE FUND (MCTWF) PPO', 'michigan conference of teamsters welfare fund (mctwf) ppo', 303, '0'),
(313, 'MICHILD', 'michild', 303, '0'),
(314, 'MPSERS BLUE PREFERRED PPO', 'mpsers blue preferred ppo', 303, '0'),
(315, 'TRADITIONAL', 'traditional', 303, '0'),
(316, 'BLUE CROSS BLUE SHIELD OF MINNESOTA', 'blue cross blue shield of minnesota', 0, '0'),
(317, 'BLUE PERFORMANCE ENHANCED NETWORK', 'blue performance enhanced network', 316, '0'),
(318, 'BLUE PERFORMANCE REGIONAL NETWORK', 'blue performance regional network', 316, '0'),
(319, 'TRI-BLUE (PPO)', 'tri-blue (ppo)', 316, '0'),
(320, 'BLUE CROSS BLUE SHIELD OF NEBRASKA', 'blue cross blue shield of nebraska', 0, '0'),
(321, 'BLUEFREEDOM', 'bluefreedom', 320, '0'),
(322, 'BLUEPREFERRED BASICS', 'bluepreferred basics', 320, '0'),
(323, 'BLUEPRIDE', 'bluepride', 320, '0'),
(324, 'BLUE CROSS BLUE SHIELD OF NEW MEXICO', 'blue cross blue shield of new mexico', 0, '0'),
(325, 'BLUE TRANSITIONS (EPO)', 'blue transitions (epo)', 324, '0'),
(326, 'BLUEDIRECT (PPO)', 'bluedirect (ppo)', 324, '0'),
(327, 'BLUENET EPO', 'bluenet epo', 324, '0'),
(328, 'PREFERRED PROVIDER ORGANIZATION (PPO)', 'preferred provider organization (ppo)', 324, '0'),
(329, 'BLUE CROSS BLUE SHIELD OF NORTH CAROLINA', 'blue cross blue shield of north carolina', 0, '0'),
(330, 'BLUE MEDICARE PPO', 'blue medicare ppo', 329, '0'),
(331, 'BLUE OPTIONS (PPO)', 'blue options (ppo)', 329, '0'),
(332, 'BLUE CROSS BLUE SHIELD OF RHODE ISLAND', 'blue cross blue shield of rhode island', 0, '0'),
(333, 'BLUESOLUTIONS', 'bluesolutions', 332, '0'),
(334, 'BLUEVALUE DIRECT', 'bluevalue direct', 332, '0'),
(335, 'HEALTHMATE COAST-TO-COAST', 'healthmate coast-to-coast', 332, '0'),
(336, 'VANTAGEBLUE', 'vantageblue', 332, '0'),
(337, 'BLUE CROSS BLUE SHIELD OF SOUTH CAROLINA', 'blue cross blue shield of south carolina', 0, '0'),
(338, 'MEDICARE BLUE (PPO)', 'medicare blue (ppo)', 337, '0'),
(339, 'PREFERRED BLUE (PPO)', 'preferred blue (ppo)', 337, '0'),
(340, 'BLUE CROSS BLUE SHIELD OF TENNESSEE', 'blue cross blue shield of tennessee', 0, '0'),
(341, 'BLUE ADVANTAGE PPO', 'blue advantage ppo', 340, '0'),
(342, 'BLUE CROSS BLUE SHIELD OF TEXAS', 'blue cross blue shield of texas', 0, '0'),
(343, 'BLUECHOICE PPO PLAN', 'bluechoice ppo plan', 342, '0'),
(344, 'CONSUMER CHOICE PPO PLAN', 'consumer choice ppo plan', 342, '0'),
(345, 'EPO', 'epo', 342, '0'),
(346, 'PPO SELECT BLUE ADVANTAGE SERIES III', 'ppo select blue advantage series iii', 342, '0'),
(347, 'PPO SELECT CHOICE SERIES III', 'ppo select choice series iii', 342, '0'),
(348, 'PPO SELECT SAVER SERIES III', 'ppo select saver series iii', 342, '0'),
(349, 'SELECTEMP PPO', 'selectemp ppo', 342, '0'),
(350, 'BLUE CROSS BLUE SHIELD OF VERMONT', 'blue cross blue shield of vermont', 0, '0'),
(351, 'HSA BLUE (HDHP PPO)', 'hsa blue (hdhp ppo)', 350, '0'),
(352, 'VERMONT FREEDOM PLAN (PPO)', 'vermont freedom plan (ppo)', 350, '0'),
(353, 'BLUE CROSS BLUE SHIELD OF WESTERN NEW YORK', 'blue cross blue shield of western new york', 0, '0'),
(354, 'FOREVER BLUE MEDICARE PPO', 'forever blue medicare ppo', 353, '0'),
(355, 'BLUE CROSS BLUE SHIELD OF WYOMING', 'blue cross blue shield of wyoming', 0, '0'),
(356, 'PARTICIPATING PROVIDER (PPO)', 'participating provider (ppo)', 355, '0'),
(357, 'BLUE CROSS OF IDAHO', 'blue cross of idaho', 0, '0'),
(358, 'MEDICARE ADVANTAGE - SECURE BLUE PPO', 'medicare advantage - secure blue ppo', 357, '0'),
(359, 'PPO - ACCESS BLUE', 'ppo - access blue', 357, '0'),
(360, 'PPO - BLUE CARE', 'ppo - blue care', 357, '0'),
(361, 'PPO - ESSENTIAL BLUE, ESSENTIAL BLUE PLUS', 'ppo - essential blue, essential blue plus', 357, '0'),
(362, 'PPO - HSA BLUE', 'ppo - hsa blue', 357, '0'),
(363, 'PPO - PREFERRED BLUE PPO', 'ppo - preferred blue ppo', 357, '0'),
(364, 'PPO - SIMPLY BLUE', 'ppo - simply blue', 357, '0'),
(365, 'BLUE CROSS OF NORTHEASTERN PENNSYLVANIA', 'blue cross of northeastern pennsylvania', 0, '0'),
(366, 'AFFORDABLUE', 'affordablue', 365, '0'),
(367, 'BLUECARE EPO', 'bluecare epo', 365, '0'),
(368, 'BLUECARE PPO', 'bluecare ppo', 365, '0'),
(369, 'BLUECARE QHD EPO', 'bluecare qhd epo', 365, '0'),
(370, 'BLUECARE QHD PPO', 'bluecare qhd ppo', 365, '0'),
(371, 'BLUE SHIELD OF CALIFORNIA', 'blue shield of california', 0, '0'),
(372, 'ACTIVE CHOICE', 'active choice', 371, '0'),
(373, 'BASE PPO', 'base ppo', 371, '0'),
(374, 'BLUE SHIELD OF CALIFORNIA PPO', 'blue shield of california ppo', 371, '0'),
(375, 'ENHANCED PPO', 'enhanced ppo', 371, '0'),
(376, 'POINT OF SERVICE', 'point of service', 371, '0'),
(377, 'PREMIER PPO', 'premier ppo', 371, '0'),
(378, 'SHIELD SECURE', 'shield secure', 371, '0'),
(379, 'SHIELD SECURE PLUS (PPO)', 'shield secure plus (ppo)', 371, '0'),
(380, 'SHIELD SPECTRUM PPO', 'shield spectrum ppo', 371, '0'),
(381, 'SHIELD WISE', 'shield wise', 371, '0'),
(382, 'BLUE SHIELD OF NORTHEASTERN NEW YORK', 'blue shield of northeastern new york', 0, '0'),
(383, 'EPO', 'epo', 382, '0'),
(384, 'FOREVER BLUE MEDICARE PPO', 'forever blue medicare ppo', 382, '0'),
(385, 'PPO', 'ppo', 382, '0'),
(386, 'CAPITAL BLUE CROSS', 'capital blue cross', 0, '0'),
(387, 'PPO', 'ppo', 386, '0'),
(388, 'PPO CHOICE 1', 'ppo choice 1', 386, '0'),
(389, 'PPO CHOICE 2', 'ppo choice 2', 386, '0'),
(390, 'SENIORBLUE PPO', 'seniorblue ppo', 386, '0'),
(391, 'CARE IMPROVEMENT PLUS', 'care improvement plus', 0, '0'),
(392, 'MEDICARE ADVANTAGE', 'medicare advantage', 391, '0'),
(393, 'CAREFIRST BLUE CROSS BLUE SHIELD', 'carefirst blue cross blue shield', 0, '0'),
(394, 'BLUECHOICE ADVANTAGE (POS)', 'bluechoice advantage (pos)', 393, '0'),
(395, 'BLUEPREFERRED (PPO)', 'bluepreferred (ppo)', 393, '0'),
(396, 'HEALTHYBLUE ADVANTAGE', 'healthyblue advantage', 393, '0'),
(397, 'PREFERRED PROVIDER ORGANIZATION (PPN/PPO)', 'preferred provider organization (ppn/ppo)', 393, '0'),
(398, 'CATERPILLAR', 'caterpillar', 0, '0'),
(399, 'UHC CHOICE PLAN', 'uhc choice plan', 398, '0'),
(400, 'UHC PPO NETWORK PLAN', 'uhc ppo network plan', 398, '0'),
(401, 'CBA BLUE', 'cba blue', 0, '0'),
(402, 'BLUECARD PPO', 'bluecard ppo', 401, '0'),
(403, 'CHOICE CARE NETWORK', 'choice care network', 0, '0'),
(404, 'CHOICECARE NETWORK PPO', 'choicecare network ppo', 403, '0'),
(405, 'COMMONWEALTH NETWORK- CHA', 'commonwealth network- cha', 403, '0'),
(406, 'PREFERRED NETWORK- CHA', 'preferred network- cha', 403, '0'),
(407, 'CIGNA', 'cigna', 0, '0'),
(408, 'BEHAVIORAL HEALTH', 'behavioral health', 407, '0'),
(409, 'CHOICE FUND OPEN ACCESS PLUS', 'choice fund open access plus', 407, '0'),
(410, 'CHOICE FUND OPEN ACCESS PLUS WITH CARELINK', 'choice fund open access plus with carelink', 407, '0'),
(411, 'CHOICE FUND PPO', 'choice fund ppo', 407, '0'),
(412, 'EPO', 'epo', 407, '0'),
(413, 'FL HEALTH SAVINGS', 'fl health savings', 407, '0'),
(414, 'FL OPEN ACCESS', 'fl open access', 407, '0'),
(415, 'FL OPEN ACCESS VALUE', 'fl open access value', 407, '0'),
(416, 'HEALTH SAVINGS', 'health savings', 407, '0'),
(417, 'HMO', 'hmo', 407, '0'),
(418, 'HMO - NORTHERN CALIFORNIA', 'hmo - northern california', 407, '0'),
(419, 'HMO - NORTHERN CALIFORNIA OPEN ACCESS', 'hmo - northern california open access', 407, '0'),
(420, 'HMO - SOUTHERN CALIFORNIA', 'hmo - southern california', 407, '0'),
(421, 'HMO - SOUTHERN CALIFORNIA OPEN ACCESS', 'hmo - southern california open access', 407, '0'),
(422, 'HMO OPEN ACCESS', 'hmo open access', 407, '0'),
(423, 'INDEMNITY', 'indemnity', 407, '0'),
(424, 'LOCALPLUS', 'localplus', 407, '0'),
(425, 'MEDICARE ACCESS', 'medicare access', 407, '0'),
(426, 'MEDICARE SELECT (HMO)', 'medicare select (hmo)', 407, '0'),
(427, 'NETWORK', 'network', 407, '0'),
(428, 'NETWORK - NORTHERN CALIFORNIA', 'network - northern california', 407, '0'),
(429, 'NETWORK - NORTHERN CALIFORNIA OPEN ACCESS', 'network - northern california open access', 407, '0'),
(430, 'NETWORK - SOUTHERN CALIFORNIA', 'network - southern california', 407, '0'),
(431, 'NETWORK - SOUTHERN CALIFORNIA OPEN ACCESS', 'network - southern california open access', 407, '0'),
(432, 'NETWORK OPEN ACCESS', 'network open access', 407, '0'),
(433, 'NETWORK POS', 'network pos', 407, '0'),
(434, 'OPEN ACCESS PLAN', 'open access plan', 407, '0'),
(435, 'OPEN ACCESS PLUS ONLY', 'open access plus only', 407, '0'),
(436, 'OPEN ACCESS PLUS/CARELINK', 'open access plus/carelink', 407, '0'),
(437, 'POS', 'pos', 407, '0'),
(438, 'POS - NORTHERN CALIFORNIA', 'pos - northern california', 407, '0'),
(439, 'POS - NORTHERN CALIFORNIA OPEN ACCESS', 'pos - northern california open access', 407, '0'),
(440, 'POS - SOUTHERN CALIFORNIA', 'pos - southern california', 407, '0'),
(441, 'POS - SOUTHERN CALIFORNIA OPEN ACCESS', 'pos - southern california open access', 407, '0'),
(442, 'POS OPEN ACCESS', 'pos open access', 407, '0'),
(443, 'PREFERRED PROVIDER ORGANIZATION (PPO)', 'preferred provider organization (ppo)', 407, '0'),
(444, 'VISION PPO', 'vision ppo', 407, '0'),
(445, 'WORKERS'' COMPENSATION', 'workers'' compensation', 407, '0'),
(446, 'COMMUNITY FIRST HEALTH PLANS', 'community first health plans', 0, '0'),
(447, 'PPO (FIRST HEALTH NETWORK)', 'ppo (first health network)', 446, '0'),
(448, 'CONSOLIDATED HEALTH PLANS', 'consolidated health plans', 0, '0'),
(449, 'FIRST HEALTH NETWORK', 'first health network', 448, '0'),
(450, 'MULTIPLAN', 'multiplan', 448, '0'),
(451, 'COVENTRY HEALTH CARE', 'coventry health care', 0, '0'),
(452, 'ADVANTRA MEDICARE ADVANTAGE HMO', 'advantra medicare advantage hmo', 451, '0'),
(453, 'ADVANTRA MEDICARE ADVANTAGE POS', 'advantra medicare advantage pos', 451, '0'),
(454, 'ADVANTRA MEDICARE ADVANTAGE PPO', 'advantra medicare advantage ppo', 451, '0'),
(455, 'ADVANTRA? FREEDOM (MEDICARE)', 'advantra? freedom (medicare)', 451, '0'),
(456, 'ASSURANT HEALTH', 'assurant health', 451, '0'),
(457, 'BUENA VISTA (FLORIDA MEDICAID)', 'buena vista (florida medicaid)', 451, '0'),
(458, 'CARELINK - CAROMONT MEDICAL HOME', 'carelink - caromont medical home', 451, '0'),
(459, 'CHCFL EMLPLOYEE OA CFL', 'chcfl emlployee oa cfl', 451, '0'),
(460, 'COVENTRY EPO', 'coventry epo', 451, '0'),
(461, 'COVENTRY HMO & PREMIER', 'coventry hmo & premier', 451, '0'),
(462, 'COVENTRY INTEGRATED NETWORK (WORKERS'' COMP)', 'coventry integrated network (workers'' comp)', 451, '0'),
(463, 'COVENTRY POS & PREMIER PLUS', 'coventry pos & premier plus', 451, '0'),
(464, 'COVENTRY PREFERRED (PPO)', 'coventry preferred (ppo)', 451, '0'),
(465, 'COVENTRYONE', 'coventryone', 451, '0'),
(466, 'DIAMOND PLAN (MEDICAID)', 'diamond plan (medicaid)', 451, '0'),
(467, 'DUKE BASIC', 'duke basic', 451, '0'),
(468, 'DUKE SELECT', 'duke select', 451, '0'),
(469, 'EMPLOYER GROUP HMO/OPEN ACCESS', 'employer group hmo/open access', 451, '0'),
(470, 'EMPLOYER GROUP OPEN ACCESS POS', 'employer group open access pos', 451, '0'),
(471, 'EMPLOYER GROUP POS', 'employer group pos', 451, '0'),
(472, 'EMPLOYER GROUP PPO', 'employer group ppo', 451, '0'),
(473, 'EMPLOYER GROUP QHDHMO', 'employer group qhdhmo', 451, '0'),
(474, 'FEDERAL EMPLOYEES HMO', 'federal employees hmo', 451, '0'),
(475, 'FIRST HEALTH NETWORK (WORKERS'' COMP)', 'first health network (workers'' comp)', 451, '0'),
(476, 'GROUP HEALTH PLAN (GHP) MEDICARE ADVANTAGE', 'group health plan (ghp) medicare advantage', 451, '0'),
(477, 'HEALTHCARE USA', 'healthcare usa', 451, '0'),
(478, 'HMO SELECT NETWORK', 'hmo select network', 451, '0'),
(479, 'INDIVIDUAL HMO/OPEN ACCESS', 'individual hmo/open access', 451, '0'),
(480, 'INDIVIDUAL PPO', 'individual ppo', 451, '0'),
(481, 'MHNET', 'mhnet', 451, '0'),
(482, 'NATIONAL NETWORK PPO', 'national network ppo', 451, '0'),
(483, 'PSYCHCARE', 'psychcare', 451, '0'),
(484, 'WELLPATH (HMO OR POS)', 'wellpath (hmo or pos)', 451, '0'),
(485, 'DESERET MUTUAL', 'deseret mutual', 0, '0'),
(486, 'FIRST HEALTH NATIONAL PPO', 'first health national ppo', 485, '0'),
(487, 'EMPIRE BLUE CROSS BLUE SHIELD', 'empire blue cross blue shield', 0, '0'),
(488, 'EMPIRE EPO ESSENTIAL', 'empire epo essential', 487, '0'),
(489, 'EMPIRE MEDIBLUE(SM) FREEDOM I (PPO)', 'empire mediblue(sm) freedom i (ppo)', 487, '0'),
(490, 'EMPIRE PPO', 'empire ppo', 487, '0'),
(491, 'EMPIRE PRISM EPO', 'empire prism epo', 487, '0'),
(492, 'EMPIRE PRISM PPO', 'empire prism ppo', 487, '0'),
(493, 'MEDIBLUE PPO', 'mediblue ppo', 487, '0'),
(494, 'PPO', 'ppo', 487, '0'),
(495, 'VALUE EPO', 'value epo', 487, '0'),
(496, 'EVERENCE ASSOCIATION, INC,', 'everence association, inc,', 0, '0'),
(497, 'FIRST HEALTH NETWORK PPO', 'first health network ppo', 496, '0'),
(498, 'EXCELLUS BLUE CROSS BLUE SHIELD', 'excellus blue cross blue shield', 0, '0'),
(499, 'MEDICARE BLUE (PPO)', 'medicare blue (ppo)', 498, '0'),
(500, 'FIRST CHOICE HEALTH', 'first choice health', 0, '0'),
(501, 'PPO', 'ppo', 500, '0'),
(502, 'FIRST HEALTH (COVENTRY HEALTH CARE)', 'first health (coventry health care)', 0, '0'),
(503, 'FIRST HEALTH NETWORK PPO', 'first health network ppo', 502, '0'),
(504, 'STANDARD', 'standard', 502, '0'),
(505, 'WORKERS'' COMPENSATION', 'workers'' compensation', 502, '0'),
(506, 'FLORIDA BLUE: BLUE CROSS BLUE SHIELD OF FLORIDA', 'florida blue: blue cross blue shield of florida', 0, '0'),
(507, 'BLUEMEDICARE PPO / BLUEMEDICARE GROUP PPO', 'bluemedicare ppo / bluemedicare group ppo', 506, '0'),
(508, 'BLUEMEDICARE REGIONAL PPO', 'bluemedicare regional ppo', 506, '0'),
(509, 'BLUEOPTIONS (PPO)', 'blueoptions (ppo)', 506, '0'),
(510, 'FREELANCERS INSURANCE COMPANY (BLUECARD PPO NETWORK)', 'freelancers insurance company (bluecard ppo network)', 0, '0'),
(511, 'PPO (BLUECARD PPO NETWORK)', 'ppo (bluecard ppo network)', 510, '0'),
(512, 'HIGH-DEDUCTIBLE (BLUECARD PPO NETWORK)', 'high-deductible (bluecard ppo network)', 510, '0'),
(513, 'GEOBLUE', 'geoblue', 0, '0'),
(514, 'GEOBLUE EXPAT', 'geoblue expat', 513, '0'),
(515, 'GEOBLUE TRAVELER', 'geoblue traveler', 513, '0'),
(516, 'GOLDEN RULE', 'golden rule', 0, '0'),
(517, 'BASIC PLAN?', 'basic plan?', 516, '0'),
(518, 'COPAY 25?', 'copay 25?', 516, '0'),
(519, 'HSA 100?', 'hsa 100?', 516, '0'),
(520, 'PLAN 100?', 'plan 100?', 516, '0'),
(521, 'PLAN 80?', 'plan 80?', 516, '0'),
(522, 'GUARDIAN', 'guardian', 0, '0'),
(523, 'OPENACCESS', 'openaccess', 522, '0'),
(524, 'PPO', 'ppo', 522, '0'),
(525, 'GWH-CIGNA (FORMERLY GREAT WEST HEALTHCARE)', 'gwh-cigna (formerly great west healthcare)', 0, '0'),
(526, 'HMO', 'hmo', 525, '0'),
(527, 'ONE +', 'one +', 525, '0'),
(528, 'OPEN ACCESS', 'open access', 525, '0'),
(529, 'POS', 'pos', 525, '0'),
(530, 'PPO', 'ppo', 525, '0'),
(531, 'HEALTH NET', 'health net', 0, '0'),
(532, 'NATIONAL PPO - FIRST HEALTH', 'national ppo - first health', 531, '0'),
(533, 'HEALTHSPRING', 'healthspring', 0, '0'),
(534, 'HEALTHY ADVANTAGE HMO', 'healthy advantage hmo', 533, '0'),
(535, 'HEALTHYADVANTAGE DFW (PPO)', 'healthyadvantage dfw (ppo)', 533, '0'),
(536, 'HEALTHYADVANTAGE PLUS (PPO)', 'healthyadvantage plus (ppo)', 533, '0'),
(537, 'HEALTHYADVANTAGE PLUS DFW (PPO)', 'healthyadvantage plus dfw (ppo)', 533, '0'),
(538, 'HEALTHYADVANTAGE PREFERRED (HMO)', 'healthyadvantage preferred (hmo)', 533, '0'),
(539, 'HEALTHYADVANTAGE PREFERRED DFW PPO', 'healthyadvantage preferred dfw ppo', 533, '0'),
(540, 'HEALTHYADVANTAGE PREFERRED WVA HMO', 'healthyadvantage preferred wva hmo', 533, '0'),
(541, 'HEALTHYADVANTAGE PREMIER (PPO)', 'healthyadvantage premier (ppo)', 533, '0'),
(542, 'HEALTHYADVANTAGE PREMIER DFW (PPO)', 'healthyadvantage premier dfw (ppo)', 533, '0'),
(543, 'HEALTHYADVANTAGE PREMIER WVA HMO-POS', 'healthyadvantage premier wva hmo-pos', 533, '0'),
(544, 'HEALTHYADVANTAGE PRIMARY PLAN HMO', 'healthyadvantage primary plan hmo', 533, '0'),
(545, 'HEALTHYADVANTAGE SADLER (HMO)', 'healthyadvantage sadler (hmo)', 533, '0'),
(546, 'HEALTHYADVANTAGE SELECT (HMO)', 'healthyadvantage select (hmo)', 533, '0'),
(547, 'HEALTHYADVANTAGE TRUE CHOICE (HMO)', 'healthyadvantage true choice (hmo)', 533, '0'),
(548, 'HEALTHYADVANTAGE VALLEY (HMO)', 'healthyadvantage valley (hmo)', 533, '0'),
(549, 'HEALTHYADVANTAGE WVA HMO', 'healthyadvantage wva hmo', 533, '0'),
(550, 'MEDICARE ADVANTAGE', 'medicare advantage', 533, '0'),
(551, 'STAR+PLUS', 'star+plus', 533, '0'),
(552, 'TOTALCARE', 'totalcare', 533, '0'),
(553, 'TOTALCARE HMO', 'totalcare hmo', 533, '0'),
(554, 'TOTALCARE HMO SNP', 'totalcare hmo snp', 533, '0'),
(555, 'TRADITIONS HMO-SNP', 'traditions hmo-snp', 533, '0'),
(556, 'HIGHMARK BLUE CROSS BLUE SHIELD', 'highmark blue cross blue shield', 0, '0'),
(557, 'FREEDOMBLUE PPO', 'freedomblue ppo', 556, '0'),
(558, 'PPO', 'ppo', 556, '0'),
(559, 'PPOBLUE', 'ppoblue', 556, '0'),
(560, 'HIGHMARK BLUE CROSS BLUE SHIELD OF DELAWARE', 'highmark blue cross blue shield of delaware', 0, '0'),
(561, 'PPO', 'ppo', 560, '0'),
(562, 'HIGHMARK BLUE SHIELD', 'highmark blue shield', 0, '0'),
(563, 'FREEDOMBLUE PPO', 'freedomblue ppo', 562, '0'),
(564, 'PPO', 'ppo', 562, '0'),
(565, 'HORIZON BLUE CROSS BLUE SHIELD OF NEW JERSEY', 'horizon blue cross blue shield of new jersey', 0, '0'),
(566, 'FEDERAL EMPLOYEE PLAN - BASIC OPTION', 'federal employee plan - basic option', 565, '0'),
(567, 'FEDERAL EMPLOYEE PLAN - STANDARD OPTION', 'federal employee plan - standard option', 565, '0'),
(568, 'HORIZON ADVANTAGE EPO (WITH BLUECARD PPO)', 'horizon advantage epo (with bluecard ppo)', 565, '0'),
(569, 'HORIZON PPO', 'horizon ppo', 565, '0'),
(570, 'HUMANA', 'humana', 0, '0'),
(571, 'CHOICE POS', 'choice pos', 570, '0'),
(572, 'CONTACT BEHAVIORAL HEALTH', 'contact behavioral health', 570, '0'),
(573, 'COT NATIONAL POS - OPEN ACCESS', 'cot national pos - open access', 570, '0'),
(574, 'COVERAGEFIRST', 'coveragefirst', 570, '0'),
(575, 'EPO PPO OPEN ACCESS', 'epo ppo open access', 570, '0'),
(576, 'GE HEALTH CARE PREFERRED', 'ge health care preferred', 570, '0'),
(577, 'GROUP MEDICARE HMO', 'group medicare hmo', 570, '0'),
(578, 'GROUP MEDICARE PPO', 'group medicare ppo', 570, '0'),
(579, 'HEALTH MAINTENANCE ORGANIZATION (HMO)', 'health maintenance organization (hmo)', 570, '0'),
(580, 'HMO PREMIER', 'hmo premier', 570, '0'),
(581, 'HMO SELECT', 'hmo select', 570, '0'),
(582, 'HOSPIRA PREMIER HMO ILLINOIS', 'hospira premier hmo illinois', 570, '0'),
(583, 'HUMANA CLASSIC', 'humana classic', 570, '0'),
(584, 'HUMANA GOLD CHOICE PFFS', 'humana gold choice pffs', 570, '0'),
(585, 'HUMANA GOLD PLUS HMO (MEDICARE)', 'humana gold plus hmo (medicare)', 570, '0'),
(586, 'HUMANA PREFERRED KROGER LOU', 'humana preferred kroger lou', 570, '0'),
(587, 'HUMANA PREFERRED PPO', 'humana preferred ppo', 570, '0'),
(588, 'HUMANA/CHOICECARE NETWORK PPO', 'humana/choicecare network ppo', 570, '0'),
(589, 'HUMANA/CHOICECARE+ NETWORK PPO', 'humana/choicecare+ network ppo', 570, '0'),
(590, 'HUMANAACCESS?', 'humanaaccess?', 570, '0'),
(591, 'HUMANACHOICE (PPO)', 'humanachoice (ppo)', 570, '0'),
(592, 'HUMANACHOICEPPO (MEDICARE PPO)', 'humanachoiceppo (medicare ppo)', 570, '0'),
(593, 'HUMANAONE?', 'humanaone?', 570, '0'),
(594, 'HUMANAPPO', 'humanappo', 570, '0'),
(595, 'HUMANAPREFERRED POS-OPENACCESS', 'humanapreferred pos-openaccess', 570, '0'),
(596, 'ILLINOISPLATINUMHMO', 'illinoisplatinumhmo', 570, '0'),
(597, 'IPA', 'ipa', 570, '0'),
(598, 'MENTAL HEALTH (MHNET)', 'mental health (mhnet)', 570, '0'),
(599, 'MONOGRAM TOTAL PLUS RX', 'monogram total plus rx', 570, '0'),
(600, 'NATIONAL EPO', 'national epo', 570, '0'),
(601, 'NATIONAL HMO', 'national hmo', 570, '0'),
(602, 'NATIONAL POS - OPEN ACCESS', 'national pos - open access', 570, '0'),
(603, 'NATIONAL POS - OPEN ACCESS PLUS', 'national pos - open access plus', 570, '0'),
(604, 'P&G NATIONAL POS', 'p&g national pos', 570, '0'),
(605, 'PERSONAL CARE ACCOUNT PPO', 'personal care account ppo', 570, '0'),
(606, 'POINT OF SERVICE', 'point of service', 570, '0'),
(607, 'PREFERRED PROVIDER ORGANIZATION (PPO)', 'preferred provider organization (ppo)', 570, '0'),
(608, 'PSYCHCARE', 'psychcare', 570, '0'),
(609, 'RHS PROVIDER NETWORK', 'rhs provider network', 570, '0'),
(610, 'SAINT JOSEPH HOSPITAL NPOS', 'saint joseph hospital npos', 570, '0'),
(611, 'ST VINCENTS HEALTH SYSTEM', 'st vincents health system', 570, '0'),
(612, 'US BANK', 'us bank', 570, '0'),
(613, 'UT HMO', 'ut hmo', 570, '0'),
(614, 'VISION CARE PLAN (VCP)', 'vision care plan (vcp)', 570, '0'),
(615, 'INDEPENDENCE BLUE CROSS', 'independence blue cross', 0, '0'),
(616, 'NATIONAL BLUECARD PPO', 'national bluecard ppo', 615, '0'),
(617, 'PERSONAL CHOICE 65 PPO', 'personal choice 65 ppo', 615, '0'),
(618, 'PERSONAL CHOICE PPO', 'personal choice ppo', 615, '0'),
(619, 'MAIL HANDLERS BENEFIT PLAN', 'mail handlers benefit plan', 0, '0'),
(620, 'CONSUMER OPTION', 'consumer option', 619, '0'),
(621, 'STANDARD PLAN', 'standard plan', 619, '0'),
(622, 'VALUE PLAN', 'value plan', 619, '0'),
(623, 'MEDICAID', 'medicaid', 0, '0'),
(624, 'MEDICAID', 'medicaid', 623, '0'),
(625, 'MEDICAL MUTUAL', 'medical mutual', 0, '0'),
(626, 'PPO', 'ppo', 625, '0'),
(627, 'MEDICARE', 'medicare', 0, '0'),
(628, 'MEDICARE', 'medicare', 627, '0'),
(629, 'MEGA LIFE AND HEALTH INSURANCE COMPANY', 'mega life and health insurance company', 0, '0'),
(630, 'SIGNATURE', 'signature', 629, '0'),
(631, 'MHEALTH', 'mhealth', 0, '0'),
(632, 'MULTIPLAN', 'multiplan', 631, '0'),
(633, 'MILLS-PENINSULA MEDICAL GROUP', 'mills-peninsula medical group', 0, '0'),
(634, 'FIRST HEALTH PPO', 'first health ppo', 633, '0'),
(635, 'MULTIPLAN PPO', 'multiplan ppo', 633, '0'),
(636, 'MULTIPLAN PHCS', 'multiplan phcs', 0, '0'),
(637, 'MULTIPLAN PPO', 'multiplan ppo', 636, '0'),
(638, 'MUTUAL OF OMAHA', 'mutual of omaha', 0, '0'),
(639, 'HMO/POS', 'hmo/pos', 638, '0'),
(640, 'MEDICAL PPO', 'medical ppo', 638, '0'),
(641, 'PEACH STATE HEALTH PLAN', 'peach state health plan', 0, '0'),
(642, 'MEDICAID', 'medicaid', 641, '0'),
(643, 'MEDICARE ADVANTAGE', 'medicare advantage', 641, '0'),
(644, 'POMCO', 'pomco', 0, '0'),
(645, 'POMCO-PHCS/MULTIPLAN', 'pomco-phcs/multiplan', 644, '0'),
(646, 'PREMERA BLUE CROSS', 'premera blue cross', 0, '0'),
(647, 'AK GLOBAL WITH BLUECARD PPO/TRADITIONAL', 'ak global with bluecard ppo/traditional', 646, '0'),
(648, 'AK HERITAGEPLUS WITH BLUECARD PPO/TRADITIONAL', 'ak heritageplus with bluecard ppo/traditional', 646, '0'),
(649, 'AK HERITAGESELECT WITH BLUECARD PPO/TRADITIONAL', 'ak heritageselect with bluecard ppo/traditional', 646, '0'),
(650, 'FOUNDATION & FOUNDATION PLUS 1 WITH BLUECARD PPO/TRADITIONAL', 'foundation & foundation plus 1 with bluecard ppo/traditional', 646, '0'),
(651, 'GLOBAL WITH BLUECARD PPO/TRADITIONAL', 'global with bluecard ppo/traditional', 646, '0'),
(652, 'HERITAGE & HERITAGE PLUS 1 WITH BLUECARD PPO/TRADITIONAL', 'heritage & heritage plus 1 with bluecard ppo/traditional', 646, '0'),
(653, 'HERITAGE PRIME WITH BLUECARD PPO/TRADITIONAL', 'heritage prime with bluecard ppo/traditional', 646, '0'),
(654, 'HERITAGE SIGNATURE WITH BLUECARD PPO/TRADITIONAL', 'heritage signature with bluecard ppo/traditional', 646, '0'),
(655, 'PRINCIPAL FINANCIAL GROUP', 'principal financial group', 0, '0'),
(656, 'CLASSIC PPO BENEFITS (1200 SERIES)', 'classic ppo benefits (1200 series)', 655, '0'),
(657, 'REGENCE BLUE CROSS BLUE SHIELD OF OREGON', 'regence blue cross blue shield of oregon', 0, '0'),
(658, 'EVOLVE', 'evolve', 657, '0'),
(659, 'REGENCE MEDADVANTAGE (PPO)', 'regence medadvantage (ppo)', 657, '0'),
(660, 'REGENCE MEDADVANTAGE + RX', 'regence medadvantage + rx', 657, '0'),
(661, 'REGENCE BLUE CROSS BLUE SHIELD OF UTAH', 'regence blue cross blue shield of utah', 0, '0'),
(662, 'EVOLVE CORE', 'evolve core', 661, '0'),
(663, 'EVOLVE HSA', 'evolve hsa', 661, '0'),
(664, 'EVOLVE PLUS', 'evolve plus', 661, '0'),
(665, 'REALVALUE', 'realvalue', 661, '0'),
(666, 'REGENCE MEDADVANTAGE (PPO)', 'regence medadvantage (ppo)', 661, '0'),
(667, 'REGENCE BLUE SHIELD OF IDAHO', 'regence blue shield of idaho', 661, '0'),
(668, 'EVOLVE', 'evolve', 661, '0'),
(669, 'REGENCE MEDADVANTAGE (PPO)', 'regence medadvantage (ppo)', 661, '0'),
(670, 'REGENCE BLUE SHIELD OF WASHINGTON', 'regence blue shield of washington', 0, '0'),
(671, 'EVOLVE', 'evolve', 670, '0'),
(672, 'PPO', 'ppo', 670, '0'),
(673, 'REALVALUE', 'realvalue', 670, '0'),
(674, 'REGENCE MEDADVANTAGE (PPO)', 'regence medadvantage (ppo)', 670, '0'),
(675, 'ROCKPORT HEALTHCARE', 'rockport healthcare', 0, '0'),
(676, 'MULTIPLAN', 'multiplan', 675, '0'),
(677, 'SAFECO', 'safeco', 0, '0'),
(678, 'MEDICAL COVERAGE', 'medical coverage', 677, '0'),
(679, 'SANTA CLARA COUNTY IPA (SCCIPA)', 'santa clara county ipa (sccipa)', 0, '0'),
(680, 'MULTIPLAN PPO', 'multiplan ppo', 679, '0'),
(681, 'SELECT CARE', 'select care', 0, '0'),
(682, 'SELECT CARE PPO', 'select care ppo', 681, '0'),
(683, 'STATE FARM?', 'state farm?', 0, '0'),
(684, 'INDIVIDUAL MEDICAL COVERAGE', 'individual medical coverage', 683, '0'),
(685, 'PERSONAL INJURY PROTECTION', 'personal injury protection', 683, '0'),
(686, 'TRIPLE-S SALUD: BLUE CROSS BLUE SHIELD OF PUERTO RICO', 'triple-s salud: blue cross blue shield of puerto rico', 0, '0'),
(687, 'COMMERCIAL (PPO)', 'commercial (ppo)', 686, '0'),
(688, 'FEDERAL', 'federal', 686, '0'),
(689, 'FEDERAL BCBS', 'federal bcbs', 686, '0'),
(690, 'MEDICARE ADVANTAGE (PPO)', 'medicare advantage (ppo)', 686, '0'),
(691, 'UNITED AMERICAN INSURANCE COMPANY', 'united american insurance company', 0, '0'),
(692, 'FOUNDATION SIGNATURE SERIES (MMGAP)', 'foundation signature series (mmgap)', 691, '0'),
(693, 'GROUP RETIREE HEALTH PLAN', 'group retiree health plan', 691, '0'),
(694, 'HEALTHGUARD CRITICAL ILLNESS (CILS)', 'healthguard critical illness (cils)', 691, '0'),
(695, 'MEDICARE SUPPLEMENT', 'medicare supplement', 691, '0'),
(696, 'TRADITION SIGNATURE SERIES (INDEM1)', 'tradition signature series (indem1)', 691, '0'),
(697, 'UNITEDHEALTHCARE', 'unitedhealthcare', 0, '0'),
(698, 'AARP MEDICARE ADVANTAGE HMO', 'aarp medicare advantage hmo', 697, '0'),
(699, 'AARP MEDICARE ADVANTAGE POS', 'aarp medicare advantage pos', 697, '0'),
(700, 'AARP MEDICARE ADVANTAGE PPO', 'aarp medicare advantage ppo', 697, '0'),
(701, 'AARP MEDICARE COMPLETE (HMO)', 'aarp medicare complete (hmo)', 697, '0'),
(702, 'AARP MEDICARE COMPLETE CHOICE (PPO)', 'aarp medicare complete choice (ppo)', 697, '0'),
(703, 'AARP MEDICARECOMPLETE PLUS (HMO-POS)', 'aarp medicarecomplete plus (hmo-pos)', 697, '0'),
(704, 'AARP MEDICARECOMPLETESECUREHORIZONS', 'aarp medicarecompletesecurehorizons', 697, '0'),
(705, 'AARP PERSONAL HEALTH INSURANCE PLAN', 'aarp personal health insurance plan', 697, '0'),
(706, 'INDEMNITY', 'indemnity', 697, '0'),
(707, 'MEDICARE ADVANTAGE HMO', 'medicare advantage hmo', 697, '0'),
(708, 'MEDICARE ADVANTAGE PFFS', 'medicare advantage pffs', 697, '0'),
(709, 'MEDICARE ADVANTAGE POS', 'medicare advantage pos', 697, '0'),
(710, 'MEDICARE ADVANTAGE PPO', 'medicare advantage ppo', 697, '0'),
(711, 'MEDICARECOMPLETE CHOICE ESSENTIAL', 'medicarecomplete choice essential', 697, '0'),
(712, 'MEDICARECOMPLETE CHOICE PLAN 2', 'medicarecomplete choice plan 2', 697, '0'),
(713, 'MEDICARECOMPLETE ESSENTIAL', 'medicarecomplete essential', 697, '0'),
(714, 'MEDICARECOMPLETE PLAN 1', 'medicarecomplete plan 1', 697, '0'),
(715, 'MEDICARECOMPLETE PLUS', 'medicarecomplete plus', 697, '0'),
(716, 'SECURE HORIZONS MEDICARE', 'secure horizons medicare', 697, '0'),
(717, 'UNITEDHEALTHCARE BASICS', 'unitedhealthcare basics', 697, '0');
INSERT INTO `scad_insurance` (`id`, `name`, `insurance_sk`, `parent_id`, `status`) VALUES
(718, 'UNITEDHEALTHCARE CHOICE', 'unitedhealthcare choice', 697, '0'),
(719, 'UNITEDHEALTHCARE CHOICE HMO/CHOICE PLUS HMO', 'unitedhealthcare choice hmo/choice plus hmo', 697, '0'),
(720, 'UNITEDHEALTHCARE CHOICE PLUS', 'unitedhealthcare choice plus', 697, '0'),
(721, 'UNITEDHEALTHCARE COMMUNITY PLAN FOR FAMILIES', 'unitedhealthcare community plan for families', 697, '0'),
(722, 'UNITEDHEALTHCARE CORE', 'unitedhealthcare core', 697, '0'),
(723, 'UNITEDHEALTHCARE DUAL ADVANTAGE', 'unitedhealthcare dual advantage', 697, '0'),
(724, 'UNITEDHEALTHCAREIPLAN CHOICE PLUS', 'unitedhealthcareiplan choice plus', 697, '0'),
(725, 'UNITEDHEALTHCAREIPLAN PPO', 'unitedhealthcareiplan ppo', 697, '0'),
(726, 'UNITEDHEALTHCARE MULTI-CHOICE', 'unitedhealthcare multi-choice', 697, '0'),
(727, 'UNITEDHEALTHCARE OPTIONS PPO', 'unitedhealthcare options ppo', 697, '0'),
(728, 'UNITEDHEALTHCARE SELECT EPO', 'unitedhealthcare select epo', 697, '0'),
(729, 'UNITEDHEALTHCARE SELECT HMO', 'unitedhealthcare select hmo', 697, '0'),
(730, 'UNITEDHEALTHCARE SELECT PLUS HMO', 'unitedhealthcare select plus hmo', 697, '0'),
(731, 'UNITEDHEALTHCARE SELECT PLUS POS', 'unitedhealthcare select plus pos', 697, '0'),
(732, 'UNITEDHEALTHCARESIGNATUREVALUE (HMO)', 'unitedhealthcaresignaturevalue (hmo)', 697, '0'),
(733, 'UNITEDHEALTHONE', 'unitedhealthone', 697, '0'),
(734, 'UNITEDHEALTHCARE COMMUNITY PLAN', 'unitedhealthcare community plan', 0, '0'),
(735, 'UNITEDHEALTHCARE COMMUNITY PLAN FOR ADULTS', 'unitedhealthcare community plan for adults', 634, '0'),
(736, 'UNITEDHEALTHCARE DUAL ADVANTAGE', 'unitedhealthcare dual advantage', 634, '0'),
(737, 'UNITEDHEALTHONE', 'unitedhealthone', 0, '0'),
(738, 'FIRST HEALTH NETWORK', 'first health network', 737, '0'),
(739, 'LIBERTY NETWORK', 'liberty network', 737, '0'),
(740, 'MULTIPLAN', 'multiplan', 737, '0'),
(741, 'PREFERRED ONE', 'preferred one', 737, '0'),
(742, 'UNITEDHEALTHCARE CHOICE PLUS NETWORK', 'unitedhealthcare choice plus network', 737, '0'),
(743, 'UNITEDHEALTHCARE OPTIONS PPO', 'unitedhealthcare options ppo', 737, '0'),
(744, 'UNIVERSAL AMERICAN', 'universal american', 0, '0'),
(745, 'TODAY''S HEALTH', 'today''s health', 744, '0'),
(746, 'TODAY''S OPTIONS PFFS', 'today''s options pffs', 744, '0'),
(747, 'TODAY''S OPTIONS PPO', 'today''s options ppo', 744, '0'),
(748, 'UNIVERSAL HEALTHCARE', 'universal healthcare', 0, '0'),
(749, 'ANY, ANY, ANY (PFFS)', 'any, any, any (pffs)', 748, '0'),
(750, 'MEDICARE MASTERPIECE (HMO)', 'medicare masterpiece (hmo)', 748, '0'),
(751, 'MEDICARE MASTERPIECE (PPO)', 'medicare masterpiece (ppo)', 748, '0'),
(752, 'USAA', 'usaa', 0, '0'),
(753, 'MEDICARE ADVANTAGE (PART C)', 'medicare advantage (part c)', 752, '0'),
(754, 'MEDICARE SUPPLEMENT', 'medicare supplement', 752, '0'),
(755, 'WELLCARE', 'wellcare', 0, '0'),
(756, 'COMMUNITY CARE SERVICES', 'community care services', 755, '0'),
(757, 'GEORGIA MEDICAID', 'georgia medicaid', 755, '0'),
(758, 'NEW JERSEY FAMILYCARE', 'new jersey familycare', 755, '0'),
(759, 'NY FAMILY HEALTH PLUS', 'ny family health plus', 755, '0'),
(760, 'NY HEALTHY CHOICE', 'ny healthy choice', 755, '0'),
(761, 'OHANA HEALTH PLAN', 'ohana health plan', 755, '0'),
(762, 'SOUTH CAROLINA MEDICAID', 'south carolina medicaid', 755, '0'),
(763, 'STAYWELL', 'staywell', 755, '0'),
(764, 'STAYWELL KIDS', 'staywell kids', 755, '0'),
(765, 'WELLCARE OF GEORGIA (MEDICARE)', 'wellcare of georgia (medicare)', 755, '0'),
(766, 'WELLMARK BLUE CROSS BLUE SHIELD OF IOWA', 'wellmark blue cross blue shield of iowa', 0, '0'),
(767, 'ALLIANCE SELECT (PPO)', 'alliance select (ppo)', 766, '0'),
(768, 'BLUE CHOICE (POS)', 'blue choice (pos)', 766, '0'),
(769, 'BLUE PRIORITY', 'blue priority', 766, '0'),
(770, 'BLUE SELECT (PPO)', 'blue select (ppo)', 766, '0'),
(771, 'WELLMARK BLUE CROSS BLUE SHIELD OF SOUTH DAKOTA', 'wellmark blue cross blue shield of south dakota', 0, '0'),
(772, 'BLUE PRIORITY', 'blue priority', 771, '0'),
(773, 'BLUE SELECT (PPO)', 'blue select (ppo)', 771, '0'),
(774, 'WELLS FARGO (ACORDIA)', 'wells fargo (acordia)', 0, '0'),
(775, 'INDIVIDUAL FAMILY INSURANCE', 'individual family insurance', 774, '0'),
(776, 'WORKERS'' COMPENSATION', 'workers'' compensation', 0, '0'),
(777, 'ACE', 'ace', 776, '0'),
(778, 'AETNA', 'aetna', 776, '0'),
(779, 'AMERICAN EQUITY RISK SERVICES', 'american equity risk services', 776, '0'),
(780, 'BROADSPIRE', 'broadspire', 776, '0'),
(781, 'CALIFORNIA DIVISION OF WORKERS'' COMPENSATION', 'california division of workers'' compensation', 776, '0'),
(782, 'CIGNA', 'cigna', 776, '0'),
(783, 'CLARISPOINTE', 'clarispointe', 776, '0'),
(784, 'COMPSOURCE OKLAHOMA', 'compsource oklahoma', 776, '0'),
(785, 'COVENTRY', 'coventry', 776, '0'),
(786, 'DC WORKERS'' COMPENSATION COMMISSION', 'dc workers'' compensation commission', 776, '0'),
(787, 'ERIE INSURANCE GROUP', 'erie insurance group', 776, '0'),
(788, 'ESIS', 'esis', 776, '0'),
(789, 'FIRST HEALTH', 'first health', 776, '0'),
(790, 'GALLAGHER BASSETT SERVICES, INC.', 'gallagher bassett services, inc.', 776, '0'),
(791, 'HANOVER INSURANCE', 'hanover insurance', 776, '0'),
(792, 'HEALTHSMART WORKERS'' COMPENSATION NETWORK', 'healthsmart workers'' compensation network', 776, '0'),
(793, 'HEARING CARE NETWORK', 'hearing care network', 776, '0'),
(794, 'ILLINOIS WORKERS'' COMPENSATION COMMISSION', 'illinois workers'' compensation commission', 776, '0'),
(795, 'INTEGRATED CLAIMS MANAGEMENT (ICM)', 'integrated claims management (icm)', 776, '0'),
(796, 'LIBERTY MUTUAL', 'liberty mutual', 776, '0'),
(797, 'LIBERTY NORTHWEST', 'liberty northwest', 776, '0'),
(798, 'MARYLAND WORKERS'' COMPENSATION', 'maryland workers'' compensation', 776, '0'),
(799, 'MERCHANTS INSURANCE GROUP', 'merchants insurance group', 776, '0'),
(800, 'MISSOURI EMPLOYERS MUTUAL INSURANCE', 'missouri employers mutual insurance', 776, '0'),
(801, 'NATIONWIDE', 'nationwide', 776, '0'),
(802, 'NY STATE WORKERS'' COMPENSATION BOARD', 'ny state workers'' compensation board', 776, '0'),
(803, 'ONENET', 'onenet', 776, '0'),
(804, 'OXFORD', 'oxford', 776, '0'),
(805, 'PENN NATIONAL INSURANCE', 'penn national insurance', 776, '0'),
(806, 'PINNACLE', 'pinnacle', 776, '0'),
(807, 'SEABRIGHT INSURANCE COMPANY', 'seabright insurance company', 776, '0'),
(808, 'SISCO', 'sisco', 776, '0'),
(809, 'SOUTHEAST WASHINGTON WORKER''S COMPENSATION TRUST', 'southeast washington worker''s compensation trust', 776, '0'),
(810, 'SOUTHWEST WASHINGTON WORKERS'' COMPENSATION TRUST', 'southwest washington workers'' compensation trust', 776, '0'),
(811, 'STATE ACCIDENT INSURANCE FUND CORPORATION (SAIF)', 'state accident insurance fund corporation (saif)', 776, '0'),
(812, 'STATE FARM', 'state farm', 776, '0'),
(813, 'TEXAS HEALTHCARE FOUNDATION', 'texas healthcare foundation', 776, '0'),
(814, 'THE HARTFORD', 'the hartford', 776, '0'),
(815, 'TRAVELERS', 'travelers', 776, '0'),
(816, 'VIRGINIA WORKERS'' COMPENSATION COMMISSION', 'virginia workers'' compensation commission', 776, '0'),
(817, 'WASHINGTON STATE DEPT OF LABOR & INDUSTRIES WORKERS COMP', 'washington state dept of labor & industries workers comp', 776, '0'),
(818, 'ZENITH', 'zenith', 776, '0');

-- --------------------------------------------------------

--
-- Table structure for table `scad_languages`
--

CREATE TABLE IF NOT EXISTS `scad_languages` (
  `id` int(11) NOT NULL AUTO_INCREMENT,
  `name` varchar(255) NOT NULL,
  PRIMARY KEY (`id`)
) ENGINE=MyISAM  DEFAULT CHARSET=latin1 AUTO_INCREMENT=142 ;

--
-- Dumping data for table `scad_languages`
--

INSERT INTO `scad_languages` (`id`, `name`) VALUES
(1, 'Afrikaans'),
(2, 'Akan'),
(3, 'Albanian'),
(4, 'American Sign Language'),
(5, 'Amharic'),
(6, 'Arabic'),
(7, 'Armenian'),
(8, 'Assamese'),
(9, 'Assyrian'),
(10, 'Azerbaijani'),
(11, 'Bahasa'),
(12, 'Balochi'),
(13, 'Basque'),
(14, 'Batak'),
(15, 'Belarusian'),
(16, 'Bengali'),
(17, 'Bhili'),
(18, 'Bhojpuri'),
(19, 'Bongali'),
(20, 'Bulgarian'),
(21, 'Burmese'),
(22, 'Catalan'),
(23, 'Cebuano'),
(24, 'Chichewa'),
(25, 'Chinese (Cantonese)'),
(26, 'Chinese (Fujian)'),
(27, 'Chinese (Mandarin)'),
(28, 'Chinese (Shanghainese)'),
(29, 'Chinese (Wenzhounese)'),
(30, 'Creole'),
(31, 'Creole (Haitian)'),
(32, 'Czech'),
(33, 'Danish'),
(34, 'Dutch'),
(35, 'English'),
(36, 'Estonian'),
(37, 'Farsi'),
(38, 'Fijian'),
(39, 'Filipino'),
(40, 'Finnish'),
(41, 'French'),
(42, 'Fula'),
(43, 'Georgian'),
(44, 'German'),
(45, 'Gikuyu'),
(46, 'Greek'),
(47, 'Guarani'),
(48, 'Gujarati'),
(49, 'Hakka'),
(50, 'Hausa'),
(51, 'Hebrew'),
(52, 'Hiligaynon'),
(53, 'Hindi'),
(54, 'Hmong'),
(55, 'Hungarian'),
(56, 'Ibo'),
(57, 'Icelandic'),
(58, 'Igbo'),
(59, 'Ilokano'),
(60, 'Indonesian'),
(61, 'Irish'),
(62, 'Italian'),
(63, 'Japanese'),
(64, 'Javanese'),
(65, 'Kannada'),
(66, 'Kashmiri'),
(67, 'Kazakh'),
(68, 'Khmer'),
(69, 'Kinyarwanda'),
(70, 'Kirundi'),
(71, 'Kongo'),
(72, 'Korean'),
(73, 'Kurdish'),
(74, 'Kyrgyz'),
(75, 'Lao'),
(76, 'Latvian'),
(77, 'Lithuanian'),
(78, 'Lombard'),
(79, 'Macedonian'),
(80, 'Madurese'),
(81, 'Maithili'),
(82, 'Makhuwa'),
(83, 'Malagasy'),
(84, 'Malay'),
(85, 'Malayalam'),
(86, 'Maori'),
(87, 'Marathi'),
(88, 'Min '),
(89, 'Minangkabau'),
(90, 'Mongolian'),
(91, 'More'),
(92, 'Navajo'),
(93, 'Nepali'),
(94, 'Norwegian'),
(95, 'Oriya'),
(96, 'Oromo'),
(97, 'Pashto'),
(98, 'Polish'),
(99, 'Portuguese'),
(100, 'Punjabi'),
(101, 'Quechua'),
(102, 'Romani'),
(103, 'Romanian'),
(104, 'Russian'),
(105, 'Santali'),
(106, 'Serbo-Croatian'),
(107, 'Shona'),
(108, 'Sindhi'),
(109, 'Sinhalese'),
(110, 'Slovak'),
(111, 'Slovenian'),
(112, 'Somali'),
(113, 'Spanish'),
(114, 'Sundanese'),
(115, 'Swahili'),
(116, 'Swedish'),
(117, 'Tagalog'),
(118, 'Taiwanese'),
(119, 'Tajik'),
(120, 'Tamazight'),
(121, 'Tamil'),
(122, 'Telugu'),
(123, 'Thai'),
(124, 'Tibetan'),
(125, 'Tigrinya'),
(126, 'Tshiluba'),
(127, 'Tuareg'),
(128, 'Turkish'),
(129, 'Turkmen'),
(130, 'Ukrainian'),
(131, 'Urdu'),
(132, 'Uyghur'),
(133, 'Uzbek'),
(134, 'Vietnamese'),
(135, 'Welsh'),
(136, 'Xhosa'),
(137, 'Yi'),
(138, 'Yiddish'),
(139, 'Yoruba'),
(140, 'Zhuang'),
(141, 'Zulu');

-- --------------------------------------------------------

--
-- Table structure for table `scad_location`
--

CREATE TABLE IF NOT EXISTS `scad_location` (
  `id` int(11) NOT NULL AUTO_INCREMENT,
  `location_name` varchar(150) DEFAULT NULL,
  `zipcode` varchar(25) DEFAULT NULL,
  `status` enum('0','1') NOT NULL DEFAULT '0' COMMENT '1->Active,0->Inactive',
  PRIMARY KEY (`id`)
) ENGINE=InnoDB  DEFAULT CHARSET=latin1 AUTO_INCREMENT=29 ;

--
-- Dumping data for table `scad_location`
--

INSERT INTO `scad_location` (`id`, `location_name`, `zipcode`, `status`) VALUES
(1, 'Altamonte Springs', '32701', '1'),
(2, 'Apopka', '32703', '1'),
(3, 'Casselberry', '32707', '1'),
(4, 'Celebration', '34747', '1'),
(5, 'Clearwater', '33755', '1'),
(6, 'Clermont', '34711', '1'),
(7, 'Davenport', '52801', '1'),
(8, 'Daytona Beach', '32114', '1'),
(9, 'Debary', '32713', '1'),
(10, 'Fern Park', '32730', '1'),
(11, 'Fort Lauderdale', '33301', '1'),
(12, 'Kissimmee', '34741', '1'),
(13, 'Lake Mary', '32746', '1'),
(14, 'Leesburg', '20175', '1'),
(15, 'Longwood', '32750', '1'),
(16, 'Maitland', '32751', '1'),
(17, 'Melbourne', '32901', '1'),
(18, 'Ocoee', '92093', '1'),
(19, 'Orange City', '34761', '1'),
(20, 'Orlando', '32801', '1'),
(21, 'Poinciana', '34758', '1'),
(22, 'Sanford', '32771', '1'),
(23, 'St. Cloud', '56301', '1'),
(24, 'St. Petersburg, Sarasota', '34216', '1'),
(25, 'Tampa', '33601', '1'),
(26, 'Winter Garden', '34777', '1'),
(27, 'Winter Haven', '33880', '1'),
(28, 'Winter Park', '32789', '1');

-- --------------------------------------------------------

--
-- Table structure for table `scad_maritalstatus`
--

CREATE TABLE IF NOT EXISTS `scad_maritalstatus` (
  `id` int(11) NOT NULL AUTO_INCREMENT,
  `name` varchar(255) NOT NULL,
  PRIMARY KEY (`id`)
) ENGINE=MyISAM  DEFAULT CHARSET=latin1 AUTO_INCREMENT=6 ;

--
-- Dumping data for table `scad_maritalstatus`
--

INSERT INTO `scad_maritalstatus` (`id`, `name`) VALUES
(1, 'Single'),
(2, 'Married'),
(3, 'Widowed'),
(4, 'Divorced'),
(5, 'Seperated');

-- --------------------------------------------------------

--
-- Table structure for table `scad_packages`
--

CREATE TABLE IF NOT EXISTS `scad_packages` (
  `id` int(11) NOT NULL AUTO_INCREMENT,
  `package_name` varchar(150) DEFAULT NULL,
  `duration` varchar(150) DEFAULT NULL,
  `price` int(20) DEFAULT NULL,
  `description_line_1` varchar(200) DEFAULT NULL,
  `description_line_2` varchar(255) DEFAULT NULL,
  `description_line_3` varchar(255) DEFAULT NULL,
  PRIMARY KEY (`id`)
) ENGINE=InnoDB  DEFAULT CHARSET=latin1 AUTO_INCREMENT=4 ;

--
-- Dumping data for table `scad_packages`
--

INSERT INTO `scad_packages` (`id`, `package_name`, `duration`, `price`, `description_line_1`, `description_line_2`, `description_line_3`) VALUES
(1, '1 Month package', '1 Month', 40, 'line 1', 'line 2', 'line 3'),
(2, '3 Month Package', '3 Month', 60, 'line1', 'line2', 'line3'),
(3, '6 month package', '6 Month', 110, 'line1', 'line2', 'line3');

-- --------------------------------------------------------

--
-- Table structure for table `scad_package_payments`
--

CREATE TABLE IF NOT EXISTS `scad_package_payments` (
  `id` int(11) NOT NULL AUTO_INCREMENT,
  `package_id` int(15) DEFAULT NULL COMMENT 'join->packages',
  `user_id` int(25) NOT NULL COMMENT 'join->users',
  `txn_id` varchar(150) DEFAULT NULL,
  `amount` varchar(150) DEFAULT NULL,
  `currency_code` varchar(200) DEFAULT NULL,
  `payment_status` varchar(255) DEFAULT NULL,
  `last_payment_date` datetime DEFAULT NULL,
  `expiry_date` datetime DEFAULT NULL,
  PRIMARY KEY (`id`)
) ENGINE=InnoDB  DEFAULT CHARSET=latin1 AUTO_INCREMENT=7 ;

--
-- Dumping data for table `scad_package_payments`
--

INSERT INTO `scad_package_payments` (`id`, `package_id`, `user_id`, `txn_id`, `amount`, `currency_code`, `payment_status`, `last_payment_date`, `expiry_date`) VALUES
(2, 2, 1, '3HU23573CB886611C', '60.00', 'USD', 'Completed', '2016-02-29 09:37:47', '2016-05-29 09:37:47'),
(5, 2, 0, '3HU23573CB886611C', '60.00', 'USD', 'Completed', '2016-02-29 09:44:34', '2016-05-29 09:44:34'),
(6, 2, 5023, '70G99586TB727280P', '60.00', 'USD', 'Completed', '2016-02-29 12:46:10', '2016-05-29 12:46:10');

-- --------------------------------------------------------

--
-- Table structure for table `scad_payment_gateway`
--

CREATE TABLE IF NOT EXISTS `scad_payment_gateway` (
  `id` int(11) NOT NULL AUTO_INCREMENT,
  `paypal_merchant_account_email_id` varchar(150) DEFAULT NULL,
  `sandbox_mode` enum('0','1') DEFAULT NULL COMMENT '0->No,1->Yes',
  `payment_mode` enum('0','1') NOT NULL COMMENT '0->No,1->Yes',
  `currency_mode` varchar(300) NOT NULL,
  PRIMARY KEY (`id`)
) ENGINE=InnoDB  DEFAULT CHARSET=latin1 AUTO_INCREMENT=2 ;

--
-- Dumping data for table `scad_payment_gateway`
--

INSERT INTO `scad_payment_gateway` (`id`, `paypal_merchant_account_email_id`, `sandbox_mode`, `payment_mode`, `currency_mode`) VALUES
(1, 'bookmydoc2016-facilitator@gmail.com', '1', '1', 'USD');

-- --------------------------------------------------------

--
-- Table structure for table `scad_ratings`
--

CREATE TABLE IF NOT EXISTS `scad_ratings` (
  `id` int(30) NOT NULL AUTO_INCREMENT,
  `overall` enum('0','1','2','3','4','5') NOT NULL COMMENT '1->bad,2->not bad,3->ok,4->good,5->very good',
  `beside` enum('0','1','2','3','4','5') NOT NULL DEFAULT '0' COMMENT '1->bad,2->not bad,3->ok,4->good,5->very good',
  `ansque` enum('0','1','2','3','4','5') DEFAULT '0',
  `spend` enum('0','1','2','3','4','5') DEFAULT '0',
  `office` enum('0','1','2','3','4','5') NOT NULL DEFAULT '0',
  `staff` enum('0','1','2','3','4','5') NOT NULL DEFAULT '0',
  `waiting` enum('0','1','2','3','4','5') NOT NULL COMMENT '1->bad,2->not bad,3->ok,4->good,5->very good',
  `message` varchar(225) NOT NULL,
  `userid` varchar(200) NOT NULL COMMENT 'join>users',
  `doctor_id` varchar(200) NOT NULL COMMENT 'join>users',
  PRIMARY KEY (`id`)
) ENGINE=MyISAM  DEFAULT CHARSET=latin1 AUTO_INCREMENT=19 ;

--
-- Dumping data for table `scad_ratings`
--

INSERT INTO `scad_ratings` (`id`, `overall`, `beside`, `ansque`, `spend`, `office`, `staff`, `waiting`, `message`, `userid`, `doctor_id`) VALUES
(1, '2', '3', '1', '1', '1', '1', '4', 'Just for test', '2', '1'),
(2, '5', '4', '1', '1', '1', '1', '2', 'Test Comments', '2', '25 '),
(3, '3', '1', '1', '1', '1', '1', '5', 'Test Comments', '2', '27 '),
(4, '2', '3', '1', '1', '1', '1', '4', '', '2', '93 '),
(5, '4', '4', '1', '1', '1', '1', '4', '', '5049', '3 '),
(6, '5', '2', '1', '1', '1', '1', '5', 'Test', '5049', '5042 '),
(7, '4', '4', '1', '1', '1', '1', '4', 'Good doctor', '5049', '5048 '),
(8, '2', '5', '1', '1', '1', '1', '5', 'test 12312lk', '5058', '5057 '),
(9, '3', '5', '1', '1', '1', '1', '5', '', '2', '7 '),
(10, '3', '5', '1', '1', '1', '1', '3', 'test123', '5049', '6 '),
(11, '', '5', '1', '1', '1', '1', '', '', '5102', '5103 '),
(12, '4', '4', '1', '1', '1', '1', '4', '', '2', '3 '),
(13, '', '3', '1', '1', '1', '1', '', '', '2', '8 '),
(15, '4', '4', '2', '3', '3', '2', '4', 'testtest', '5105', '3 '),
(18, '3', '3', '3', '3', '4', '4', '4', 'dfd', '5105', '5104 ');

-- --------------------------------------------------------

--
-- Table structure for table `scad_speciality`
--

CREATE TABLE IF NOT EXISTS `scad_speciality` (
  `id` int(11) NOT NULL AUTO_INCREMENT,
  `name` varchar(255) NOT NULL,
  `speciality_sk` varchar(255) NOT NULL,
  `status` enum('0','1') NOT NULL COMMENT '1->Active,0->Inactive',
  `category_id` int(11) NOT NULL COMMENT 'join>category',
  PRIMARY KEY (`id`)
) ENGINE=MyISAM  DEFAULT CHARSET=latin1 AUTO_INCREMENT=104 ;

--
-- Dumping data for table `scad_speciality`
--

INSERT INTO `scad_speciality` (`id`, `name`, `speciality_sk`, `status`, `category_id`) VALUES
(1, 'Neurology', '', '0', 1),
(2, 'Pediatrics', '', '0', 1),
(3, 'Cardiology', '', '0', 1),
(4, 'Dermatology', '', '0', 1),
(5, 'Acupuncturists', '', '0', 1),
(6, 'Allergists', '', '0', 1),
(7, 'Audiologists', '', '0', 1),
(8, 'Cardiologists', '', '0', 1),
(9, 'Chiropractors', '', '0', 1),
(10, 'Colorectal Surgeons', '', '0', 1),
(11, 'Dermatologists', '', '0', 1),
(12, 'Dietitians', '', '0', 1),
(13, 'Ear Nose & Throat Doctors', '', '0', 1),
(14, 'Emergency Medicine Physicians', '', '0', 1),
(15, 'Endocrinologists', '', '0', 1),
(16, 'Endodontists', '', '0', 1),
(17, 'Eye Doctors', '', '0', 1),
(18, 'Family Physicians', '', '0', 1),
(19, 'Gastroenterologists', '', '0', 1),
(20, 'Hand Surgeons', '', '0', 1),
(21, 'Hearing Specialists', '', '0', 1),
(22, 'Hematologists', '', '0', 1),
(23, 'Infectious Disease Specialists', '', '0', 1),
(24, 'Infertility Specialists', '', '0', 1),
(25, 'Internists', '', '0', 1),
(26, 'Naturopathic Doctors', '', '0', 1),
(27, 'Nephrologists', '', '0', 1),
(28, 'Neurologists', '', '0', 1),
(29, 'Neurosurgeons', '', '0', 1),
(30, 'Nurse Practitioners', '', '0', 1),
(31, 'Nutritionists', '', '0', 1),
(32, 'OB-GYNs', '', '0', 1),
(33, 'Oncologists', '', '0', 1),
(34, 'Ophthalmologists', '', '0', 1),
(35, 'Optometrists', '', '0', 1),
(36, 'Oral Surgeons', '', '0', 3),
(37, 'Orthodontists', '', '0', 3),
(38, 'Orthopedic Surgeons', '', '0', 1),
(39, 'Pain Management Specialists', '', '0', 1),
(40, 'Pediatric Dentists', '', '0', 3),
(41, 'Pediatricians', '', '0', 1),
(42, 'Periodontists', '', '0', 3),
(43, 'Physiatrists', '', '0', 1),
(44, 'Physical Therapists', '', '0', 1),
(45, 'Plastic Surgeons', '', '0', 1),
(46, 'Podiatrists', '', '0', 1),
(47, 'Prosthodontists', '', '0', 1),
(48, 'Psychiatrists', '', '0', 1),
(49, 'Psychologists', '', '0', 1),
(50, 'Psychotherapists', '', '0', 1),
(51, 'Pulmonologists', '', '0', 1),
(52, 'Radiologists', '', '0', 1),
(53, 'Rheumatologists', '', '0', 1),
(54, 'Sleep Medicine Specialists', '', '0', 1),
(55, 'Sports Medicine Specialists', '', '0', 1),
(57, 'Travel Medicine Specialists', '', '0', 1),
(58, 'Rehabilitation Counselors', '', '0', 2),
(59, 'Counselors', '', '0', 2),
(60, 'Psychoanalysts', '', '0', 2),
(61, 'Marriage and Family Therapists ', '', '0', 2),
(62, 'Clinical Social Workers', '', '0', 2),
(63, 'Pastoral Therapists', '', '0', 2),
(64, 'Dental General Practitioner', '', '0', 3),
(65, 'Pediatric Dentistry', '', '0', 3),
(66, 'Orthodontics and Dentofacial orthopedics', '', '0', 3),
(67, 'Dental Endodontics', '', '0', 3),
(68, 'Dental Prosthodontics', '', '0', 3),
(69, 'Oral and Maxillofacial Surgery', '', '0', 3),
(70, 'Dental Periodontics', '', '0', 3),
(71, 'Companion animal practice', '', '0', 4),
(72, 'Food animal practice', '', '0', 4),
(73, 'Veterinary Specialty practices', '', '0', 4),
(74, 'Veterinary Anesthesiology', '', '0', 4),
(75, 'Animal Behavior', '', '0', 4),
(76, 'Veterinary Clinical Pharmacology', '', '0', 4),
(77, 'Veterinary Dentistry', '', '0', 4),
(78, 'Veterinary Dermatology', '', '0', 4),
(79, 'Veterinary Emergency and Critical Care', '', '0', 4),
(80, 'Veterinary Internal Medicine', '', '0', 4),
(81, 'Laboratory Animal Medicine', '', '0', 4),
(82, 'Veterinary Microbiology', '', '0', 4),
(83, 'Veterinary Nutrition', '', '0', 4),
(84, 'Veterinary Ophthalmology', '', '0', 4),
(85, 'Veterinary Pathology', '', '0', 4),
(86, 'Poultry Medicine', '', '0', 4),
(87, 'Veterinary Private Practice', '', '0', 4),
(88, 'Preventive Medicine', '', '0', 4),
(89, 'Veterinary Radiology', '', '0', 4),
(90, 'Veterinary Surgery', '', '0', 4),
(91, 'Veterinary Theriogenology', '', '0', 4),
(92, 'Veterinary Toxicology', '', '0', 4),
(93, 'Zoological Medicine', '', '0', 4),
(94, 'Veterinary Public Health', '', '0', 4),
(95, 'Wildlife Medicine', '', '0', 4),
(96, 'Veterinary Food Inspection and Safety', '', '0', 4),
(97, 'Animal Importation', '', '0', 4),
(98, 'Food and Drug Administration', '', '0', 4),
(99, 'Veterinary Product Development and Sales', '', '0', 4),
(100, 'Animal Training', '', '0', 4),
(101, 'Zoological/Wildlife Medicine', '', '0', 4),
(102, 'Veterinary Marine Biology', '', '0', 4),
(103, 'Anesthesiologist', '', '0', 1);

-- --------------------------------------------------------

--
-- Table structure for table `scad_userimages`
--

CREATE TABLE IF NOT EXISTS `scad_userimages` (
  `id` int(11) NOT NULL AUTO_INCREMENT,
  `name` varchar(255) NOT NULL,
  `user_id` int(11) NOT NULL COMMENT 'join>users',
  `set_profile` int(11) NOT NULL,
  `type` enum('0','1') NOT NULL COMMENT '0->image,1->Video',
  `size` varchar(255) NOT NULL,
  PRIMARY KEY (`id`)
) ENGINE=MyISAM  DEFAULT CHARSET=latin1 AUTO_INCREMENT=33 ;

--
-- Dumping data for table `scad_userimages`
--

INSERT INTO `scad_userimages` (`id`, `name`, `user_id`, `set_profile`, `type`, `size`) VALUES
(9, '1442056855-4153.jpeg', 1, 0, '0', '279741'),
(10, '1442060778-4303.jpeg', 1, 0, '0', '9333'),
(11, '1442060907-9517.jpeg', 1, 0, '0', '94932'),
(12, '1442061122-2985.jpeg', 1, 0, '0', '92863'),
(13, '1442061143-8504.jpeg', 1, 0, '0', '29814'),
(14, '1442061415-1384.jpeg', 1, 0, '0', '143997'),
(17, '1456225551-8038.jpeg', 1, 0, '0', '36044'),
(32, '1456471033-7559.png', 1, 1, '0', '283297'),
(31, '20150715_160252.jpg', 1, 0, '0', '127916');

-- --------------------------------------------------------

--
-- Table structure for table `scad_users`
--

CREATE TABLE IF NOT EXISTS `scad_users` (
  `id` int(11) NOT NULL AUTO_INCREMENT,
  `email` varchar(255) NOT NULL,
  `password` varchar(255) NOT NULL,
  `usertype` int(11) NOT NULL COMMENT 'join>usertypes',
  `firstname` varchar(255) NOT NULL,
  `lastname` varchar(255) NOT NULL,
  `gender` int(11) NOT NULL COMMENT 'join>gendertypes',
  `dob` date NOT NULL,
  `maritalstatus` enum('0','1','2') NOT NULL DEFAULT '0' COMMENT '0->No display,1->Marrried,2->Unmaried',
  `address` longtext NOT NULL,
  `city` varchar(255) NOT NULL,
  `state` varchar(255) NOT NULL,
  `zipcode` varchar(255) NOT NULL,
  `phone` varchar(255) NOT NULL,
  `speciality` int(11) NOT NULL COMMENT 'join>speciality',
  `description` longtext NOT NULL,
  `Education` varchar(255) NOT NULL,
  `HospitalAffiliations` varchar(255) NOT NULL,
  `BoardCertifications` varchar(255) NOT NULL,
  `ProfessionalMemberships` varchar(255) NOT NULL,
  `Awards` varchar(255) NOT NULL,
  `working_plan` longtext NOT NULL,
  `breaks` longtext NOT NULL,
  `vecation` longtext NOT NULL,
  `createdate` datetime NOT NULL,
  `updatedate` datetime NOT NULL,
  `secret_key` varchar(255) NOT NULL,
  `status` enum('0','1') NOT NULL DEFAULT '0' COMMENT '1->Active,0->Inactive',
  PRIMARY KEY (`id`)
) ENGINE=MyISAM  DEFAULT CHARSET=latin1 AUTO_INCREMENT=5119 ;

--
-- Dumping data for table `scad_users`
--

INSERT INTO `scad_users` (`id`, `email`, `password`, `usertype`, `firstname`, `lastname`, `gender`, `dob`, `maritalstatus`, `address`, `city`, `state`, `zipcode`, `phone`, `speciality`, `description`, `Education`, `HospitalAffiliations`, `BoardCertifications`, `ProfessionalMemberships`, `Awards`, `working_plan`, `breaks`, `vecation`, `createdate`, `updatedate`, `secret_key`, `status`) VALUES
(1, 'doc@docvisits.com', 'fcea920f7412b5da7be0cf42b8c93759', 1, 'DOC', 'Past', 1, '2016-01-29', '0', '4/32 Sterlling Height, MI 30342', 'Southfield', 'Oakland Count', '63086', '1233456788', 5, 'Average Rating\nRead reviews\nBook Online\nPractice Name\n\n    Neil Rosenthal, MD\n\nSpecialties\n\n    Neurologist\n\nProfessional Statement\n\nA native of New York, Dr. Rosenthal received his medical degree from the Cornell University Medical College, and went on to complete residencies in both Internal Medicine and Neurology, the former in Columbia University affiliated hospitals, and the latter at Mt. Sinai Medical Center. He is board certified by both the American Board of Internal Medicine, and the American Board of Psychiatry and Neurology. He has been in private practice since 1987, and is currently affiliated with both the Beth Israel Medical Center and New York University Hospitals Medical Center.\n\nDr. Rosenthal specializes in adult neurology. His goal as your physician will be to use his wide expertise in neurology to both diagnose and treat you. In his role as a physician he values knowledge, being comprehensive and thorough, sound judgment, common sense, honesty, and empathy.\n\nDr. Rosenthal and his staff look forward to welcoming you to his practice.\n\nIMPORTANT NOTICE: Be aware that Dr. Rosenthal''s office is not wheelchair accessible.\n\nIMPORTANT INSTRUCTIONS FOR NEW PATIENTS: If you want to speed up your first visit registration process, we encourage you to preregister by filling out the Check-In form on the ZocDoc website. Also, be sure to bring the following: 1) your insurance card, 2) if required by your insurance company, a referral from your referring doctor, 3) an active credit card which we keep on file (although you will not be required to use it to pay for your visit copayment, coinsurance or deductible), 4) a list of your present medications, and 5) the name, telephone number, and zip code of your pharmacy (if you want us to be able to electronically submit your prescriptions directly to your pharmacist). ', '                                                                                                                                                                    fghdfghfhh', '                                                                                                                                                            gshgfshsghhghghsh', 'fhdfhdfhhsf', 'dfshhfdfhfdh', 'dfhdhshfds', '{"Mon":{"start":"08:00","ends":"14:00"},"Tue":{"start":"09:00","ends":"14:00"},"Wed":{"start":"09:00","ends":"13:00"},"Thu":{"start":"09:00","ends":"13:00"},"Fri":{"start":"09:00","ends":"14:00"},"Sat":{"start":"09:00","ends":"14:00"},"Sun":{"start":"09:00","ends":"18:00"}}', '{"Mon":{"start":"09:00","ends":"09:30"},"Tue":[{"start":"10:00","ends":"11:30"},{"start":"13:00","ends":"13:30"}],"Wed":{"start":"","ends":""},"Thu":{"start":"09:30","ends":"11:00"},"Fri":{"start":"09:30","ends":"11:00"},"Sat":{"start":"11:00","ends":"11:30"},"Sun":{"start":"10:00","ends":"17:30"}}', '[{"startdate":"2017-09-07","enddate":"2017-09-07","starttime":"09:00","endtime":"13:00"},{"startdate":"2016-07-12","enddate":"2016-07-13","starttime":"01:00","endtime":"02:00"},{"startdate":"2016-02-17","enddate":"2016-02-26","starttime":"10:00","endtime":"21:00"},{"startdate":"2016-02-27","enddate":"2016-02-28","starttime":"09:00","endtime":"16:00"},{"startdate":"2016-02-18","enddate":"2016-02-20","starttime":"10:00","endtime":"13:00"}]', '0000-00-00 00:00:00', '2016-03-30 02:43:26', '33355aa18efbc8b4f51625913c0e2f8b', '1'),
(2, 'patient@docvisits.com', 'e10adc3949ba59abbe56e057f20f883e', 2, 'Patient', 'Test', 0, '0000-00-00', '0', '', '', '', '', '9747322576', 0, '', '', '', '', '', '', '', '{"Mon":[{"start":"11:00","ends":"11:30"},{"start":"13:30","ends":"14:00"}],"Tue":[{"start":"11:00","ends":"11:30"},{"start":"16:00","ends":"16:30"}],"Wed":{"start":"11:00","ends":"11:30"},"Thu":{"start":"11:00","ends":"11:30"},"Fri":{"start":"12:00","ends":"12:30"},"Sat":{"start":"12:00","ends":"12:30"},"Sun":{"start":"12:00","ends":"12:30"}}', '', '0000-00-00 00:00:00', '0000-00-00 00:00:00', '', '1'),
(3, 'george@test.com', 'e10adc3949ba59abbe56e057f20f883e', 1, 'George', 'Castro', 1, '0000-00-00', '0', '', '', '', '48085', '23456', 90, 'Dr. Rice specializes in internal medicine for patients age 18 and beyond. She practices the full spectrum of internal medicine, and emphasizes the importance of diet, exercise and living well with all of her patients. Dr. Rice also has a strong interest in travel medicine and has worked in clinics around the world.\r\nPhysicals are done Monday-Friday only and not on the weekends.', '', '', '', '', '', '{"Mon":{"start":"09:00","ends":"14:00"},"Tue":{"start":"09:00","ends":"14:00"},"Wed":{"start":"09:00","ends":"13:00"},"Thu":{"start":"09:00","ends":"13:00"},"Fri":{"start":"09:00","ends":"14:00"},"Sat":{"start":"09:00","ends":"14:00"},"Sun":{"start":"09:00","ends":"14:00"}}', '{"Mon":[{"start":"11:00","ends":"11:30"},{"start":"13:30","ends":"14:00"}],"Tue":[{"start":"11:00","ends":"11:30"},{"start":"16:00","ends":"16:30"}],"Wed":{"start":"11:00","ends":"11:30"},"Thu":{"start":"11:00","ends":"11:30"},"Fri":{"start":"12:00","ends":"12:30"},"Sat":{"start":"12:00","ends":"12:30"},"Sun":{"start":"12:00","ends":"12:30"}}', '', '0000-00-00 00:00:00', '0000-00-00 00:00:00', '', '1'),
(4, 'hana.chaim@gmail.com', 'e10adc3949ba59abbe56e057f20f883e', 1, 'Hana ', 'Chaim ', 2, '0000-00-00', '0', '  595 W Granada Blvd, Suite D Ormond Beach, FL 32174', 'FL', '', '48081', '758-67867-566', 0, 'Lorem Ipsum is simply dummy text of the printing and typesetting industry. Lorem Ipsum has been the industry''s standard dummy text ever since the 1500s, when an unknown printer took a galley of type and scrambled it to make a type specimen book. It has survived not only five centuries, but also the leap into electronic typesetting, remaining essentially unchanged. It was popularised in the 1960s with the release of Letraset sheets containing Lorem Ipsum passages, and more recently with desktop publishing software like Aldus PageMaker including versions of Lorem Ipsum.', '', '', '', '', '', '{"Mon":{"start":"09:00","ends":"14:00"},"Tue":{"start":"09:00","ends":"14:00"},"Wed":{"start":"09:00","ends":"13:00"},"Thu":{"start":"09:00","ends":"13:00"},"Fri":{"start":"09:00","ends":"14:00"},"Sat":{"start":"09:00","ends":"14:00"},"Sun":{"start":"09:00","ends":"14:00"}}', '{"Mon":[{"start":"11:00","ends":"11:30"},{"start":"13:30","ends":"14:00"}],"Tue":[{"start":"11:00","ends":"11:30"},{"start":"16:00","ends":"16:30"}],"Wed":{"start":"11:00","ends":"11:30"},"Thu":{"start":"11:00","ends":"11:30"},"Fri":{"start":"12:00","ends":"12:30"},"Sat":{"start":"12:00","ends":"12:30"},"Sun":{"start":"12:00","ends":"12:30"}}', '', '0000-00-00 00:00:00', '0000-00-00 00:00:00', '', '1'),
(5, 'liana.marie@gmail.com', 'e10adc3949ba59abbe56e057f20f883e', 1, 'Liana', 'Marie Kramer ', 1, '0000-00-00', '0', '  4914 N Armenia Ave Tampa, FL 33603\r\n', 'FL', '', '33603', '12345678', 0, 'Lorem Ipsum is simply dummy text of the printing and typesetting industry. Lorem Ipsum has been the industry''s standard dummy text ever since the 1500s, when an unknown printer took a galley of type and scrambled it to make a type specimen book. It has survived not only five centuries, but also the leap into electronic typesetting, remaining essentially unchanged. It was popularised in the 1960s with the release of Letraset sheets containing Lorem Ipsum passages, and more recently with desktop publishing software like Aldus PageMaker including versions of Lorem Ipsum.', '', '', '', '', '', '{"Mon":{"start":"09:00","ends":"14:00"},"Tue":{"start":"09:00","ends":"14:00"},"Wed":{"start":"09:00","ends":"13:00"},"Thu":{"start":"09:00","ends":"13:00"},"Fri":{"start":"09:00","ends":"14:00"},"Sat":{"start":"09:00","ends":"14:00"},"Sun":{"start":"09:00","ends":"14:00"}}', '{"Mon":[{"start":"11:00","ends":"11:30"},{"start":"13:30","ends":"14:00"}],"Tue":[{"start":"11:00","ends":"11:30"},{"start":"16:00","ends":"16:30"}],"Wed":{"start":"11:00","ends":"11:30"},"Thu":{"start":"11:00","ends":"11:30"},"Fri":{"start":"12:00","ends":"12:30"},"Sat":{"start":"12:00","ends":"12:30"},"Sun":{"start":"12:00","ends":"12:30"}}', '', '0000-00-00 00:00:00', '0000-00-00 00:00:00', '', '1'),
(6, 'tracy.khona@gmail.com', 'e10adc3949ba59abbe56e057f20f883e', 1, 'Tracy A Sinha', 'Khona', 2, '0000-00-00', '0', '4131 University Blvd S, Suite 4a Jacksonville, FL 32216', 'FL', '', '32216', '7587923847', 91, 'Lorem Ipsum is simply dummy text of the printing and typesetting industry. Lorem Ipsum has been the industry''s standard dummy text ever since the 1500s, when an unknown printer took a galley of type and scrambled it to make a type specimen book. It has survived not only five centuries, but also the leap into electronic typesetting, remaining essentially unchanged. It was popularised in the 1960s with the release of Letraset sheets containing Lorem Ipsum passages, and more recently with desktop publishing software like Aldus PageMaker including versions of Lorem Ipsum.', '', '', '', '', '', '{"Mon":{"start":"09:00","ends":"14:00"},"Tue":{"start":"09:00","ends":"14:00"},"Wed":{"start":"09:00","ends":"13:00"},"Thu":{"start":"09:00","ends":"13:00"},"Fri":{"start":"09:00","ends":"14:00"},"Sat":{"start":"09:00","ends":"14:00"},"Sun":{"start":"09:00","ends":"14:00"}}', '{"Mon":[{"start":"11:00","ends":"11:30"},{"start":"13:30","ends":"14:00"}],"Tue":[{"start":"11:00","ends":"11:30"},{"start":"16:00","ends":"16:30"}],"Wed":{"start":"11:00","ends":"11:30"},"Thu":{"start":"11:00","ends":"11:30"},"Fri":{"start":"12:00","ends":"12:30"},"Sat":{"start":"12:00","ends":"12:30"},"Sun":{"start":"12:00","ends":"12:30"}}', '', '0000-00-00 00:00:00', '0000-00-00 00:00:00', '', '1'),
(7, 'eric.parlette@gmail.com', 'e10adc3949ba59abbe56e057f20f883e', 1, 'Eric', 'Parlette', 1, '0000-00-00', '1', ' 1600 Sw Archer Rd, Box 100279 Gainesville, FL 32610', 'FL', '', '32610', '1213653454', 91, 'Lorem Ipsum is simply dummy text of the printing and typesetting industry. Lorem Ipsum has been the industry''s standard dummy text ever since the 1500s, when an unknown printer took a galley of type and scrambled it to make a type specimen book. It has survived not only five centuries, but also the leap into electronic typesetting, remaining essentially unchanged. It was popularised in the 1960s with the release of Letraset sheets containing Lorem Ipsum passages, and more recently with desktop publishing software like Aldus PageMaker including versions of Lorem Ipsum.', '', '', '', '', '', '{"Mon":{"start":"09:00","ends":"14:00"},"Tue":{"start":"09:00","ends":"14:00"},"Wed":{"start":"09:00","ends":"13:00"},"Thu":{"start":"09:00","ends":"13:00"},"Fri":{"start":"09:00","ends":"14:00"},"Sat":{"start":"09:00","ends":"14:00"},"Sun":{"start":"09:00","ends":"14:00"}}', '{"Mon":[{"start":"11:00","ends":"11:30"},{"start":"13:30","ends":"14:00"}],"Tue":[{"start":"11:00","ends":"11:30"},{"start":"16:00","ends":"16:30"}],"Wed":{"start":"11:00","ends":"11:30"},"Thu":{"start":"11:00","ends":"11:30"},"Fri":{"start":"12:00","ends":"12:30"},"Sat":{"start":"12:00","ends":"12:30"},"Sun":{"start":"12:00","ends":"12:30"}}', '', '0000-00-00 00:00:00', '0000-00-00 00:00:00', '', '1'),
(8, 'ephraim@gmail.com', 'e10adc3949ba59abbe56e057f20f883e', 1, 'Ephraim', 'Caban', 2, '0000-00-00', '1', '   2810 Se 3rd Ct Ocala, FL 34471', 'FL', '', '34471', '1213653454', 101, 'Lorem Ipsum is simply dummy text of the printing and typesetting industry. Lorem Ipsum has been the industry''s standard dummy text ever since the 1500s, when an unknown printer took a galley of type and scrambled it to make a type specimen book. It has survived not only five centuries, but also the leap into electronic typesetting, remaining essentially unchanged. It was popularised in the 1960s with the release of Letraset sheets containing Lorem Ipsum passages, and more recently with desktop publishing software like Aldus PageMaker including versions of Lorem Ipsum.', '', '', '', '', '', '{"Mon":{"start":"09:00","ends":"14:00"},"Tue":{"start":"09:00","ends":"14:00"},"Wed":{"start":"09:00","ends":"13:00"},"Thu":{"start":"09:00","ends":"13:00"},"Fri":{"start":"09:00","ends":"14:00"},"Sat":{"start":"09:00","ends":"14:00"},"Sun":{"start":"09:00","ends":"14:00"}}', '{"Mon":[{"start":"11:00","ends":"11:30"},{"start":"13:30","ends":"14:00"}],"Tue":[{"start":"11:00","ends":"11:30"},{"start":"16:00","ends":"16:30"}],"Wed":{"start":"11:00","ends":"11:30"},"Thu":{"start":"11:00","ends":"11:30"},"Fri":{"start":"12:00","ends":"12:30"},"Sat":{"start":"12:00","ends":"12:30"},"Sun":{"start":"12:00","ends":"12:30"}}', '', '0000-00-00 00:00:00', '0000-00-00 00:00:00', '', '1'),
(9, 'peter.kelley@gmail.com', 'e10adc3949ba59abbe56e057f20f883e', 1, 'Peter', 'Kelley', 1, '0000-00-00', '0', '   1199 Prince Ave Athens, GA 30606\r\n', 'GA', '', '30606', '1213653454', 97, 'Lorem Ipsum is simply dummy text of the printing and typesetting industry. Lorem Ipsum has been the industry''s standard dummy text ever since the 1500s, when an unknown printer took a galley of type and scrambled it to make a type specimen book. It has survived not only five centuries, but also the leap into electronic typesetting, remaining essentially unchanged. It was popularised in the 1960s with the release of Letraset sheets containing Lorem Ipsum passages, and more recently with desktop publishing software like Aldus PageMaker including versions of Lorem Ipsum.', '', '', '', '', '', '{"Mon":{"start":"09:00","ends":"14:00"},"Tue":{"start":"09:00","ends":"14:00"},"Wed":{"start":"09:00","ends":"13:00"},"Thu":{"start":"09:00","ends":"13:00"},"Fri":{"start":"09:00","ends":"14:00"},"Sat":{"start":"09:00","ends":"14:00"},"Sun":{"start":"09:00","ends":"14:00"}}', '{"Mon":[{"start":"11:00","ends":"11:30"},{"start":"13:30","ends":"14:00"}],"Tue":[{"start":"11:00","ends":"11:30"},{"start":"16:00","ends":"16:30"}],"Wed":{"start":"11:00","ends":"11:30"},"Thu":{"start":"11:00","ends":"11:30"},"Fri":{"start":"12:00","ends":"12:30"},"Sat":{"start":"12:00","ends":"12:30"},"Sun":{"start":"12:00","ends":"12:30"}}', '', '0000-00-00 00:00:00', '0000-00-00 00:00:00', '', '1'),
(10, 'scott.beach@gmail.com', 'e10adc3949ba59abbe56e057f20f883e', 1, 'Scott R', 'Beach', 2, '0000-00-00', '1', '   1505 Northside Blvd, Suite 4000 Cumming, GA 30041\r\n', 'GA', '', '30041', '12345678', 91, 'Lorem Ipsum is simply dummy text of the printing and typesetting industry. Lorem Ipsum has been the industry''s standard dummy text ever since the 1500s, when an unknown printer took a galley of type and scrambled it to make a type specimen book. It has survived not only five centuries, but also the leap into electronic typesetting, remaining essentially unchanged. It was popularised in the 1960s with the release of Letraset sheets containing Lorem Ipsum passages, and more recently with desktop publishing software like Aldus PageMaker including versions of Lorem Ipsum.', '', '', '', '', '', '{"Mon":{"start":"09:00","ends":"14:00"},"Tue":{"start":"09:00","ends":"14:00"},"Wed":{"start":"09:00","ends":"13:00"},"Thu":{"start":"09:00","ends":"13:00"},"Fri":{"start":"09:00","ends":"14:00"},"Sat":{"start":"09:00","ends":"14:00"},"Sun":{"start":"09:00","ends":"14:00"}}', '{"Mon":[{"start":"11:00","ends":"11:30"},{"start":"13:30","ends":"14:00"}],"Tue":[{"start":"11:00","ends":"11:30"},{"start":"16:00","ends":"16:30"}],"Wed":{"start":"11:00","ends":"11:30"},"Thu":{"start":"11:00","ends":"11:30"},"Fri":{"start":"12:00","ends":"12:30"},"Sat":{"start":"12:00","ends":"12:30"},"Sun":{"start":"12:00","ends":"12:30"}}', '', '0000-00-00 00:00:00', '0000-00-00 00:00:00', '', '1'),
(11, 'harold.superko@gmail.com', 'e10adc3949ba59abbe56e057f20f883e', 1, 'Harold', 'Superko', 1, '0000-00-00', '1', '1968 Peachtree Rd Nw Atlanta, GA 30309', 'GA', '', '30309', '1213653454', 100, 'Lorem Ipsum is simply dummy text of the printing and typesetting industry. Lorem Ipsum has been the industry''s standard dummy text ever since the 1500s, when an unknown printer took a galley of type and scrambled it to make a type specimen book. It has survived not only five centuries, but also the leap into electronic typesetting, remaining essentially unchanged. It was popularised in the 1960s with the release of Letraset sheets containing Lorem Ipsum passages, and more recently with desktop publishing software like Aldus PageMaker including versions of Lorem Ipsum.', '', '', '', '', '', '{"Mon":{"start":"09:00","ends":"14:00"},"Tue":{"start":"09:00","ends":"14:00"},"Wed":{"start":"09:00","ends":"13:00"},"Thu":{"start":"09:00","ends":"13:00"},"Fri":{"start":"09:00","ends":"14:00"},"Sat":{"start":"09:00","ends":"14:00"},"Sun":{"start":"09:00","ends":"14:00"}}', '{"Mon":[{"start":"11:00","ends":"11:30"},{"start":"13:30","ends":"14:00"}],"Tue":[{"start":"11:00","ends":"11:30"},{"start":"16:00","ends":"16:30"}],"Wed":{"start":"11:00","ends":"11:30"},"Thu":{"start":"11:00","ends":"11:30"},"Fri":{"start":"12:00","ends":"12:30"},"Sat":{"start":"12:00","ends":"12:30"},"Sun":{"start":"12:00","ends":"12:30"}}', '', '0000-00-00 00:00:00', '0000-00-00 00:00:00', '', '1'),
(12, 'william.smith@gmail.com', 'e10adc3949ba59abbe56e057f20f883e', 1, 'William Stuart', 'Smith', 2, '0000-00-00', '1', '3614 J Dewey Gray Cir, Suite A Augusta, GA 30909', 'GA', '', '30909', '1213653454', 103, 'Lorem Ipsum is simply dummy text of the printing and typesetting industry. Lorem Ipsum has been the industry''s standard dummy text ever since the 1500s, when an unknown printer took a galley of type and scrambled it to make a type specimen book. It has survived not only five centuries, but also the leap into electronic typesetting, remaining essentially unchanged. It was popularised in the 1960s with the release of Letraset sheets containing Lorem Ipsum passages, and more recently with desktop publishing software like Aldus PageMaker including versions of Lorem Ipsum.', '', '', '', '', '', '{"Mon":{"start":"09:00","ends":"14:00"},"Tue":{"start":"09:00","ends":"14:00"},"Wed":{"start":"09:00","ends":"13:00"},"Thu":{"start":"09:00","ends":"13:00"},"Fri":{"start":"09:00","ends":"14:00"},"Sat":{"start":"09:00","ends":"14:00"},"Sun":{"start":"09:00","ends":"14:00"}}', '{"Mon":[{"start":"11:00","ends":"11:30"},{"start":"13:30","ends":"14:00"}],"Tue":[{"start":"11:00","ends":"11:30"},{"start":"16:00","ends":"16:30"}],"Wed":{"start":"11:00","ends":"11:30"},"Thu":{"start":"11:00","ends":"11:30"},"Fri":{"start":"12:00","ends":"12:30"},"Sat":{"start":"12:00","ends":"12:30"},"Sun":{"start":"12:00","ends":"12:30"}}', '', '0000-00-00 00:00:00', '0000-00-00 00:00:00', '', '1'),
(13, 'robi.goswami@gmai.com', 'e10adc3949ba59abbe56e057f20f883e', 1, 'Robi', 'Goswami', 1, '0000-00-00', '0', '   275 Collier Road, Suite 300 Atlanta, GA 30309\r\n', 'GA', '', '30309', '1213653454', 97, 'Lorem Ipsum is simply dummy text of the printing and typesetting industry. Lorem Ipsum has been the industry''s standard dummy text ever since the 1500s, when an unknown printer took a galley of type and scrambled it to make a type specimen book. It has survived not only five centuries, but also the leap into electronic typesetting, remaining essentially unchanged. It was popularised in the 1960s with the release of Letraset sheets containing Lorem Ipsum passages, and more recently with desktop publishing software like Aldus PageMaker including versions of Lorem Ipsum.', '', '', '', '', '', '{"Mon":{"start":"09:00","ends":"14:00"},"Tue":{"start":"09:00","ends":"14:00"},"Wed":{"start":"09:00","ends":"13:00"},"Thu":{"start":"09:00","ends":"13:00"},"Fri":{"start":"09:00","ends":"14:00"},"Sat":{"start":"09:00","ends":"14:00"},"Sun":{"start":"09:00","ends":"14:00"}}', '{"Mon":[{"start":"11:00","ends":"11:30"},{"start":"13:30","ends":"14:00"}],"Tue":[{"start":"11:00","ends":"11:30"},{"start":"16:00","ends":"16:30"}],"Wed":{"start":"11:00","ends":"11:30"},"Thu":{"start":"11:00","ends":"11:30"},"Fri":{"start":"12:00","ends":"12:30"},"Sat":{"start":"12:00","ends":"12:30"},"Sun":{"start":"12:00","ends":"12:30"}}', '', '0000-00-00 00:00:00', '0000-00-00 00:00:00', '', '1'),
(4999, 'admin@docvisits.com', 'e10adc3949ba59abbe56e057f20f883e', 3, 'admin', 'admin', 0, '2015-10-16', '1', '', '', '', '', '', 0, '', '', '', '', '', '', '', '{"Mon":[{"start":"11:00","ends":"11:30"},{"start":"13:30","ends":"14:00"}],"Tue":[{"start":"11:00","ends":"11:30"},{"start":"16:00","ends":"16:30"}],"Wed":{"start":"11:00","ends":"11:30"},"Thu":{"start":"11:00","ends":"11:30"},"Fri":{"start":"12:00","ends":"12:30"},"Sat":{"start":"12:00","ends":"12:30"},"Sun":{"start":"12:00","ends":"12:30"}}', '', '0000-00-00 00:00:00', '0000-00-00 00:00:00', '', '1'),
(5117, 'akhil.thodimela@gmail.com', '68eacb97d86f0c4621fa2b0e17cabd8c', 1, 'Aditya', 'Thodimela', 1, '0000-00-00', '0', 'Something', 'Test', 'Test', 'Test', '0000000000', 100, '', '', '', '', '', '', '', '', '', '2017-09-23 15:00:54', '0000-00-00 00:00:00', '43b92b211bc7a5a266c95a7388ccfd2e', '0'),
(5118, 'testingdocvisits@gmail.com', 'ac1c8d64fd23ae5a7eac5b7f7ffee1fa', 1, 'Testing', 'DocVisits', 1, '0000-00-00', '0', '2768', 'Houston', 'Texas', '77058', '0000000000', 75, '', '', '', '', '', '', '{"Mon":{"start":"","ends":""},"Tue":{"start":"","ends":""},"Wed":{"start":"","ends":""},"Thu":{"start":"","ends":""},"Fri":{"start":"","ends":""},"Sat":{"start":"","ends":""},"Sun":{"start":"","ends":""}}', '', '', '2017-09-24 01:17:22', '0000-00-00 00:00:00', '7ac85449ba8d55b1c1f8183b4c82cc9b', '1'),
(5113, 'aditya.thodimela@gmail.com', 'e10adc3949ba59abbe56e057f20f883e', 2, 'Aditya', 'Thodimela', 1, '0000-00-00', '0', '', '', '', '', '1234567890', 0, '', '', '', '', '', '', '', '', '', '2017-09-17 17:43:22', '0000-00-00 00:00:00', 'abbbc992755c64859b90ee38a0809db2', '1'),
(5114, 'adityat.vns08@gmail.com', '671985d4d444c054f869ef2b0b936439', 2, 'Aditya', 'Thodimela', 1, '0000-00-00', '0', '', '', '', '', '1234567890', 0, '', '', '', '', '', '', '', '', '', '2017-09-17 17:51:15', '0000-00-00 00:00:00', '359994f1679922e66903eff23a650a09', '1'),
(5115, 'thodimelaa9636@uhcl.edu', 'b7748dbe2008067588a6d5ccfdf99041', 2, 'Aditya', 'Thodimela', 1, '0000-00-00', '0', '', '', '', '', '1234567890', 0, '', '', '', '', '', '', '', '', '', '2017-09-17 17:55:48', '0000-00-00 00:00:00', '9d7ef667248aa15ef93a7c8a9c31bcbd', '0'),
(5116, 'adityar.vns08@gmail.com', '671985d4d444c054f869ef2b0b936439', 2, 'Aditya', 'Thodimela', 1, '0000-00-00', '0', '', '', '', '', '9166930511', 0, '', '', '', '', '', '', '', '', '', '2017-09-22 03:52:32', '0000-00-00 00:00:00', '4c83e3e49752526ef1636f238b2faa74', '0'),
(5094, 'something1@gmail.com', 'e10adc3949ba59abbe56e057f20f883e', 1, 'Sri', 'kad', 1, '0000-00-00', '0', '', '', '', '123456', '3121234567', 3, '', '', '', '', '', '', '', '', '', '2017-07-22 14:59:32', '0000-00-00 00:00:00', 'a9d21a1e4faa8ba757de1b4c8be244b5', '0'),
(5095, 'test123@test123.com', 'e10adc3949ba59abbe56e057f20f883e', 2, 'test', 'test', 1, '0000-00-00', '0', '', '', '', '', '1234567890', 0, '', '', '', '', '', '', '', '', '', '2017-08-01 17:45:33', '0000-00-00 00:00:00', '9c5dff6e5b493685036c305abb9de3ef', '0'),
(5111, 'kadsridhar@yahoo.com', 'fcea920f7412b5da7be0cf42b8c93759', 2, 'SriPat', 'KadPat', 1, '0000-00-00', '0', '', '', '', '', '3123396081', 0, '', '', '', '', '', '', '', '', '', '2017-09-13 02:41:56', '0000-00-00 00:00:00', 'f99bce976b01c57cdf51011aae5203a7', '1'),
(5112, 'sirthirun@yahoo.com', 'cc03e747a6afbbcbf8be7668acfebee5', 2, 'sirish', 'thirunagari', 1, '0000-00-00', '0', '', '', '', '', '2213452323', 0, '', '', '', '', '', '', '', '', '', '2017-09-17 12:58:48', '0000-00-00 00:00:00', '3e6f8e18b586b976617daf78bf10849f', '0'),
(5084, 'pashamsaichandra@gmail.com', 'e10adc3949ba59abbe56e057f20f883e', 1, 'Stephen', 'Roberts', 1, '1981-02-05', '0', '2108 Green Hollow Dr,Iselin,NJ', '', '', '8830', '2344322345', 3, '', '', '', '', '', '', '', '', '', '2017-07-02 12:55:03', '0000-00-00 00:00:00', 'cd6e93dc30c945d05dc61990fd8e1d59', '1'),
(5085, 'smiledeepu26@gmail.com', 'e10adc3949ba59abbe56e057f20f883e', 1, 'Anisha', 'Singh', 2, '1970-04-02', '0', '936 violet drive,Hanover park,IL', '', '', '60133', '3125903693', 34, '', '', '', '', '', '', '', '', '', '2017-07-02 12:56:22', '0000-00-00 00:00:00', 'c5f34b91e031e7a25b3698ef59f9a141', '1'),
(5086, 'deepika0426@gmail.com', 'e10adc3949ba59abbe56e057f20f883e', 1, 'Susan', 'Cary', 2, '1983-04-01', '0', '56 Lexington Rd, Monmouth Junction, NJ', '', '', '8852', '4566544567', 25, '', '', '', '', '', '', '', '', '', '2017-07-02 12:57:40', '0000-00-00 00:00:00', 'ee2e0a0d10108da79d8e63d3870ad8a1', '1'),
(5087, 'sai.devops28@gmail.com', 'e10adc3949ba59abbe56e057f20f883e', 1, 'Arnold', 'Swartz', 1, '1993-01-02', '0', '16985 NW anita st, Portland,OR', '', '', '97229', '5677655678', 2, '', '', '', '', '', '', '', '', '', '2017-07-02 12:58:59', '0000-00-00 00:00:00', 'c2285ff0f960be1831076e139c7e784f', '1'),
(5088, 'sharatchandra66@gmail.com', 'e10adc3949ba59abbe56e057f20f883e', 1, 'Rohit', 'Roy', 1, '1995-02-04', '0', '7112 Eagle Mesa Rd NE, Albuquerque, NM', '', '', '87113', '6788766789', 18, '', '', '', '', '', '', '', '', '', '2017-07-02 13:00:14', '0000-00-00 00:00:00', 'ddd62f16232776aa02d54fd73c0b31b2', '1'),
(5089, 'shiva337@gmail.com', 'e10adc3949ba59abbe56e057f20f883e', 1, 'Uday', 'Patel', 1, '1981-03-05', '0', '6811 old Waterloo Rd, elkridge, MD', '', '', '21075', '7899877890', 4, '', '', '', '', '', '', '', '', '', '2017-07-02 13:01:33', '0000-00-00 00:00:00', 'd71a9422fba22c1dfb75aa30d84dda19', '1'),
(5090, 'pashamdeepika@gmail.com', 'e10adc3949ba59abbe56e057f20f883e', 1, 'Reshma', 'Patel', 2, '1984-01-03', '0', '4858 Bridge Ln, Mason, OH', '', '', '21075', '8900988901', 32, '', '', '', '', '', '', '', '', '', '2017-07-02 13:02:45', '0000-00-00 00:00:00', '92a86ad9eb76eb42ab68cefba25de76b', '1'),
(5091, 'cooladithi4u@yahoo.com', 'e10adc3949ba59abbe56e057f20f883e', 1, 'John', 'Roberts', 1, '1978-01-23', '0', '12 Test Drive rd', '', '', '08816', '1230984567', 3, '', '', '', '', '', '', '', '', '', '2017-07-03 20:50:56', '0000-00-00 00:00:00', '20a658d3908f980dbc883951b99f1282', '1'),
(5074, 'newpatient@docvisits.com', 'e10adc3949ba59abbe56e057f20f883e', 2, 'new', 'new', 1, '0000-00-00', '0', '', '', '', '', '4124356789', 0, '', '', '', '', '', '', '', '', '', '2017-07-01 11:28:47', '0000-00-00 00:00:00', '86cf88a8bfae73920513eabbffaa0c6c', '0'),
(5098, 'bharani.bunny@gmail.com', 'e10adc3949ba59abbe56e057f20f883e', 2, 'bharani', 'kishore', 2, '0000-00-00', '0', 'Hyderabad', 'Hyderabad', 'Telangana', '500090', '1234567890', 0, '', '', '', '', '', '', '', '', '', '2017-09-02 11:00:04', '2017-09-09 04:20:30', '913b9704cde03e6d05dc164e29a09261', '1'),
(5093, 'something@gmail.com', 'e10adc3949ba59abbe56e057f20f883e', 2, 'Sri', 'Kadem', 1, '0000-00-00', '0', '', '', '', '', '1234567654', 0, '', '', '', '', '', '', '', '', '', '2017-07-22 13:16:01', '0000-00-00 00:00:00', '79a14706d823e5c3ee2fc38828ca4180', '0'),
(5104, 'sridhar749@yahoo.com.au', 'e10adc3949ba59abbe56e057f20f883e', 1, 'John', 'Smith', 1, '2017-08-06', '0', '04 Ardmore Pl, East Brunswick, NJ 08816', 'East Brunswick', 'Middlesex County', '08816', '3123396081', 18, 'A family practitioner is a doctor who specializes in caring for people of all ages, at all stages of life. Rather than focusing on the treatment of one disease or patient population, family practitioners are often the doctors that people see for their everyday ailments, like cold and flu or respiratory infections, and health screenings', '       M.D Columbia University', '      Robertwood Johnson Hospital, Princeton University Hospital', 'Family Medicine, Pediatrics', 'AARP', 'Patient Choice Award', '{"Mon":{"start":"08:00","ends":"17:00"},"Tue":{"start":"","ends":"17:00"},"Wed":{"start":"08:00","ends":"12:00"},"Thu":{"start":"12:00","ends":"17:00"},"Fri":{"start":"12:00","ends":"17:00"},"Sat":{"start":"08:00","ends":"12:00"},"Sun":{"start":"00:00","ends":"23:00"}}', '{"Mon":{"start":"13:00","ends":"14:00"},"Tue":{"start":"13:00","ends":"14:00"},"Wed":{"start":"","ends":""},"Thu":{"start":"","ends":""},"Fri":{"start":"","ends":""},"Sat":{"start":"","ends":""},"Sun":{"start":"","ends":""}}', '[{"startdate":"2017-10-09","enddate":"2017-10-13","starttime":"00:00","endtime":"23:00"}]', '2017-09-06 23:58:26', '2017-09-07 12:43:16', 'c791a3655fc9e78ef40d30aef7d22c60', '1'),
(5007, 'arun@techware.co.in', 'ae8c5330bf968de249eaa954d8df6fee', 3, 'arun', 'pandi', 1, '0000-00-00', '2', 'sdas', 'Ernakulam', 'Kerala', '682021', '9543363093', 0, '', '', '', '', '', '', '', '{"Mon":[{"start":"11:00","ends":"11:30"},{"start":"13:30","ends":"14:00"}],"Tue":[{"start":"11:00","ends":"11:30"},{"start":"16:00","ends":"16:30"}],"Wed":{"start":"11:00","ends":"11:30"},"Thu":{"start":"11:00","ends":"11:30"},"Fri":{"start":"12:00","ends":"12:30"},"Sat":{"start":"12:00","ends":"12:30"},"Sun":{"start":"12:00","ends":"12:30"}}', '', '2015-11-03 05:55:25', '2015-11-03 05:55:25', 'feb0f770fe06d736a377d10afd27706d', '1'),
(5011, 'mksarui@gmail.com', 'e0e3ba511f2beccaa84d5fe723a037cf', 2, 'arun', 'pandi', 1, '1992-08-11', '0', '', '', '', '', '', 0, '', '', '', '', '', '', '', '', '', '2016-02-05 06:56:08', '0000-00-00 00:00:00', '924c739fcc30322569305471109d8516', '1'),
(5012, 'mksaru@gmail.com', 'e10adc3949ba59abbe56e057f20f883e', 2, '123456', '123456', 1, '2016-02-18', '0', '', '', '', '', '', 0, '', '', '', '', '', '', '', '', '', '2016-02-05 07:26:41', '0000-00-00 00:00:00', '31afa09e9956fcfe5364aeb4e135da87', '0'),
(5013, 'aru2n@techware.co.in', 'e10adc3949ba59abbe56e057f20f883e', 2, 'arun', 'pandi', 1, '0000-00-00', '0', '', '', '', '', '', 0, '', '', '', '', '', '', '', '', '', '2016-02-22 08:15:22', '0000-00-00 00:00:00', '', '1'),
(5014, 'arun@gm.com', 'f15d03900d5e467bda1dd6237da2fd3b', 2, 'fd', 'fd', 1, '0000-00-00', '0', '', '', '', '', '', 0, '', '', '', '', '', '', '', '', '', '2016-02-22 08:44:29', '0000-00-00 00:00:00', '', '1'),
(5016, 'jainymol.techware@gmail.com', 'd8578edf8458ce06fbc5bb76a58c5ca4', 2, 'jay', 'Joseph', 2, '1991-01-22', '0', '', '', '', '', '', 0, '', '', '', '', '', '', '', '', '', '2016-02-23 12:54:28', '0000-00-00 00:00:00', 'de713513ef9675be512ac777e16b104e', '1'),
(5017, 'jainymoljoseph123@gmail.com', 'e10adc3949ba59abbe56e057f20f883e', 2, 'Kavitha', 'jose', 2, '0000-00-00', '0', '', '', '', '', '', 0, '', '', '', '', '', '', '', '', '', '2016-02-24 08:11:56', '0000-00-00 00:00:00', '', '1'),
(5018, 'josephjainymol@gmail.com', 'e10adc3949ba59abbe56e057f20f883e', 2, 'john', 'mathews', 1, '0000-00-00', '0', '', '', '', '', '', 0, '', '', '', '', '', '', '', '', '', '2016-02-24 08:18:40', '0000-00-00 00:00:00', '', '1'),
(5019, 'mksar3u@gmail.com', 'e10adc3949ba59abbe56e057f20f883e', 1, 'arun', 'pandi', 0, '0000-00-00', '0', '', '', '', '43123', '8089130284', 70, '', '', '', '', '', '', '', '', '', '2016-02-24 12:26:32', '0000-00-00 00:00:00', '3b0be466964860ae79ccbdebe26d4703', '0'),
(5020, 'admins@gmail.in', 'e10adc3949ba59abbe56e057f20f883e', 2, 'arun', 'pandi', 1, '2016-02-05', '0', '', '', '', '', '', 0, '', '', '', '', '', '', '', '', '', '2016-02-25 10:54:33', '0000-00-00 00:00:00', 'b5eceaa2c357e1d7d8466ac33bd03f9e', '0'),
(5021, '', 'd41d8cd98f00b204e9800998ecf8427e', 2, '', '', 0, '2016-02-03', '0', '', '', '', '', '', 0, '', '', '', '', '', '', '', '', '', '2016-02-25 11:50:23', '0000-00-00 00:00:00', '591b372685447e52a193f1f02bb0ee0e', '0'),
(5022, 'aru2xn@techware.co.in', '9b65ab38f4cc601786f992cca41fce28', 2, 'arun', 'pandi', 1, '0000-00-00', '0', '', '', '', '', '', 0, '', '', '', '', '', '', '', '', '', '2016-02-26 07:29:38', '0000-00-00 00:00:00', '', '1'),
(5023, 'jirin@bookmydoc.in', 'e10adc3949ba59abbe56e057f20f883e', 1, 'jirin', 'Doc', 0, '0000-00-00', '0', '', '', '', '682021', '9543363093', 3, '', '', '', '', '', '', '', '', '', '2016-02-26 13:36:49', '0000-00-00 00:00:00', 'f841bb0710a125b8a212801ee5a5e5f4', '1'),
(5024, 'dre_patient@gm.com', 'e10adc3949ba59abbe56e057f20f883e', 2, 'arun', 'pandi', 1, '2016-02-03', '0', '', '', '', '', '', 0, '', '', '', '', '', '', '', '', '', '2016-02-29 10:19:14', '0000-00-00 00:00:00', '6726dd8979e763bd84a59cb86ef2b50d', '0'),
(5025, 'fg@gm.vom', 'e10adc3949ba59abbe56e057f20f883e', 2, 'arun', 'pandi', 1, '2016-02-02', '0', '', '', '', '', '', 0, '', '', '', '', '', '', '', '', '', '2016-02-29 10:34:35', '0000-00-00 00:00:00', '1b39b5fd7b32d7d02aaafde96251d671', '0'),
(5026, 'patient123@gmail.cm', 'e10adc3949ba59abbe56e057f20f883e', 2, 'arun', 'pandi', 1, '2016-02-02', '0', '', '', '', '', '', 0, '', '', '', '', '', '', '', '', '', '2016-02-29 10:42:41', '0000-00-00 00:00:00', '72d4175bbf2706d49a5e660cddd403ee', '0'),
(5027, 'patient1@gm.com', 'e10adc3949ba59abbe56e057f20f883e', 2, 'arun', 'pandi', 1, '2016-02-02', '0', '', '', '', '', '', 0, '', '', '', '', '', '', '', '', '', '2016-02-29 10:47:38', '0000-00-00 00:00:00', '5796a70937c8cf156eea646ad48b97da', '1'),
(5103, 'krithikafashions@gmail.com', 'e10adc3949ba59abbe56e057f20f883e', 1, 'krithika', 'nera', 2, '0000-00-00', '0', '', '', '', '500090', '1234567890', 8, '', '', '', '', '', '', '{"Mon":{"start":"09:00","ends":"12:00"},"Tue":{"start":"11:00","ends":"17:00"},"Wed":{"start":"10:00","ends":"18:00"},"Thu":{"start":"09:00","ends":"17:00"},"Fri":{"start":"","ends":""},"Sat":{"start":"","ends":""},"Sun":{"start":"","ends":""}}', '', '', '2017-09-03 13:23:59', '0000-00-00 00:00:00', '959b995788eac9773ad1c1bc6e3b24a5', '1'),
(5042, 'sridhar749@gmail.com', 'e10adc3949ba59abbe56e057f20f883e', 1, 'SriDoc', 'KadDoc', 0, '0000-00-00', '0', '', '', '', '08816', '1239637845', 41, '', '', '', '', '', '', '{"Mon":{"start":"08:00","ends":"16:00"},"Tue":{"start":"08:00","ends":"16:00"},"Wed":{"start":"08:00","ends":"16:00"},"Thu":{"start":"08:00","ends":"16:00"},"Fri":{"start":"08:00","ends":"16:00"},"Sat":{"start":"08:00","ends":"16:00"},"Sun":{"start":"08:00","ends":"16:00"}}', '{"Mon":[{"start":"12:00","ends":"16:00"},{"start":"08:00","ends":"08:30"}],"Tue":{"start":"12:00","ends":"16:00"},"Wed":{"start":"08:00","ends":"12:00"},"Thu":{"start":"08:00","ends":"12:00"},"Fri":{"start":"08:00","ends":"12:00"},"Sat":{"start":"12:00","ends":"13:00"},"Sun":{"start":"12:00","ends":"13:00"}}', '', '2016-03-21 14:25:58', '0000-00-00 00:00:00', '2d1055a621221836d5dadb3fb2d06b5f', '1'),
(5040, 'kishu_ry@yahoo.com', '9818a97f16944f64a675a6ef52f9a2cd', 2, 'kishore', 'kumar', 1, '2016-03-22', '0', '', '', '', '', '', 0, '', '', '', '', '', '', '', '', '', '2016-03-21 13:03:12', '0000-00-00 00:00:00', '2ab8e0e55c4f624ae3f1e108bca60dc7', '1'),
(5048, 'kadsridhar@gmail.com', 'e10adc3949ba59abbe56e057f20f883e', 1, 'Sri', 'Kad', 1, '1971-01-20', '0', '20 Ardmore Pl', 'East Brunswick', 'Middlesex County', '08816', '1234567891', 41, 'Dr. Sri Kad considers it a privilege to be a part your child''s health and well being. He and his staff are compassionate, professional, and ready to provide the best care for your child.', '              Medical School - Columbia University, Doctor of Medicine New York Medical College, Residency in Pediatrics University of California - Berkeley', '            Beth Israel Medical Center - Petrie Division', 'The American Board of Pediatrics', 'American Independent Practice Association,  American Medical Society', 'American Pediatrician Society', '{"Mon":{"start":"09:00","ends":"17:00"},"Tue":{"start":"09:00","ends":"17:00"},"Wed":{"start":"13:00","ends":"17:00"},"Thu":{"start":"09:00","ends":"17:00"},"Fri":{"start":"09:00","ends":"17:00"},"Sat":{"start":"09:00","ends":"12:00"},"Sun":{"start":"","ends":""}}', '{"Mon":{"start":"12:00","ends":"17:00"},"Tue":{"start":"12:00","ends":"13:00"},"Wed":{"start":"09:00","ends":"12:30"},"Thu":{"start":"12:00","ends":"13:00"},"Fri":{"start":"12:00","ends":"13:00"},"Sat":{"start":"","ends":""},"Sun":{"start":"","ends":""}}', '[{"startdate":"2016-08-01","enddate":"2016-08-02","starttime":"00:00","endtime":"00:00"},{"startdate":"2016-07-12","enddate":"2016-07-15","starttime":"01:00","endtime":"04:00"},{"startdate":"2016-05-23","enddate":"2016-05-24","starttime":"00:00","endtime":"00:00"}]', '2016-05-12 15:25:47', '2016-12-10 09:04:36', '1808bce3566eed4fc196ae9ec2d6c0f0', '1'),
(5046, 'venkat@srivajaconstructions.com', 'edef9ceea4ea0e78638f1fe81e597fec', 2, 'venkat', 'kumar', 1, '1980-09-14', '0', '', '', '', '', '', 0, '', '', '', '', '', '', '', '', '', '2016-04-23 16:47:58', '0000-00-00 00:00:00', '018840d67eb1f3609f31e18471dd33ee', '1'),
(5110, 'nerakrithika@gmail.com', 'e10adc3949ba59abbe56e057f20f883e', 1, 'Krithika', 'Nera', 2, '0000-00-00', '0', 'Hyderabad', '', '', '500090', '1234567890', 5, '', '', '', '', '', '', '', '', '', '2017-09-09 04:13:52', '0000-00-00 00:00:00', '9603f84ab789b7724e7e93c7cb81b41d', '1'),
(5102, 'bkkrithu@gmail.com', 'e10adc3949ba59abbe56e057f20f883e', 2, 'bharani', 'kishore', 2, '0000-00-00', '0', '', '', '', '', '1234567890', 0, '', '', '', '', '', '', '', '', '', '2017-09-03 13:19:20', '0000-00-00 00:00:00', '29b727c8e21a943f89d34df6343a2924', '1'),
(5050, 'a@a.com', 'f00d4f1073db7b8eb5c578bc7d2e3351', 2, 'Raj', 'TestOne', 1, '1960-03-12', '0', '', '', '', '', '', 0, '', '', '', '', '', '', '', '', '', '2016-06-09 01:28:24', '0000-00-00 00:00:00', '0f2434e049ab8c2f4d7217f21ebd63b6', '0'),
(5051, 'csjinna@hotmail.com', 'e10adc3949ba59abbe56e057f20f883e', 2, 'Raj', 'test', 1, '1990-01-04', '0', '', '', '', '', '', 0, '', '', '', '', '', '', '', '', '', '2016-07-06 03:22:22', '0000-00-00 00:00:00', 'da8d9a57f6db6dfdfa5b2310f6d57082', '0'),
(5052, 'test@test.com', '05a671c66aefea124cc08b76ea6d30bb', 2, 'test', 'test', 2, '2016-07-06', '0', '', '', '', '', '', 0, '', '', '', '', '', '', '', '', '', '2016-07-15 05:13:53', '0000-00-00 00:00:00', 'b571704aa07f2e20c7bfd0fa3612fc19', '0'),
(5053, 'test@test12.com', 'f795e34c94384805f4e8da7d98effc81', 2, 'test', 'test', 2, '2016-07-15', '0', '', '', '', '', '', 0, '', '', '', '', '', '', '', '', '', '2016-07-17 10:31:30', '0000-00-00 00:00:00', 'e00e1cde1292bb23e6effcd262b2d6a5', '0'),
(5054, 'test12@test.com', '6493f176d3f4b35a7bc8b24395cdefd5', 2, 'test', 'test', 2, '2016-07-19', '0', '', '', '', '', '', 0, '', '', '', '', '', '', '', '', '', '2016-07-17 10:34:53', '0000-00-00 00:00:00', '63872d1ef1d4c655048191e2b75c4902', '0'),
(5055, 'test232@test.com', '2a4b08348caa90a976cd082a201b2f33', 2, 'test', 'test', 2, '2016-07-06', '0', '', '', '', '', '', 0, '', '', '', '', '', '', '', '', '', '2016-07-17 10:36:44', '0000-00-00 00:00:00', '9a36ec27b3b21155452398151f625ac5', '0'),
(5056, 'trst21212@test.com', '670fd94e18790405adcda7c7d91b69b5', 2, 'test', 'test', 1, '2016-07-07', '0', '', '', '', '', '', 0, '', '', '', '', '', '', '', '', '', '2016-07-17 10:39:34', '0000-00-00 00:00:00', '17adccb4ceb0c28da3d514ec9eb98e1d', '0'),
(5057, 'sthirun@yahoo.com', '16d7a4fca7442dda3ad93c9a726597e4', 1, 'Mark ', 'Sanchez', 1, '0000-00-00', '0', '', '', '', '77578', '2145678989', 3, '', 'BS       ', '      aafa', 'MBBS', 'MBBs', 'adfad', '{"Mon":{"start":"09:00","ends":"17:00"},"Tue":{"start":"","ends":"15:00"},"Wed":{"start":"","ends":""},"Thu":{"start":"14:00","ends":"20:00"},"Fri":{"start":"","ends":""},"Sat":{"start":"","ends":""},"Sun":{"start":"","ends":""}}', '{"Mon":{"start":"12:00","ends":"13:00"},"Tue":{"start":"","ends":""},"Wed":{"start":"","ends":""},"Thu":{"start":"","ends":""},"Fri":{"start":"","ends":""},"Sat":{"start":"","ends":""},"Sun":{"start":"","ends":""}}', '[{"startdate":"2016-12-05","enddate":"2016-12-09","starttime":"00:00","endtime":"00:00"}]', '2016-11-13 17:37:06', '0000-00-00 00:00:00', '5ad08c123e2b58d84b0786f9a1b52bb2', '1'),
(5058, 'sthirun@gmail.com', '16d7a4fca7442dda3ad93c9a726597e4', 2, 'maverick', 'carter', 1, '0000-00-00', '0', '', '', '', '', '', 0, '', '', '', '', '', '', '', '', '', '2016-11-13 17:47:45', '0000-00-00 00:00:00', '', '1'),
(5059, 'arshi.pucit@gmail.com', 'e10adc3949ba59abbe56e057f20f883e', 2, 'Arshi', 'Asad', 2, '1994-07-30', '0', '', '', '', '', '', 0, '', '', '', '', '', '', '', '', '', '2017-02-03 12:10:21', '0000-00-00 00:00:00', 'cc24cf881ec38c27ba05efcd8a12a312', '1'),
(5060, 'test@test123.com', '16d7a4fca7442dda3ad93c9a726597e4', 2, 'test', 'test', 2, '0000-00-00', '0', '', '', '', '', '', 0, '', '', '', '', '', '', '', '', '', '2017-04-10 12:52:12', '0000-00-00 00:00:00', '', '1'),
(5061, 'bsef12m035@pucit.edu.pk', 'e10adc3949ba59abbe56e057f20f883e', 2, 'abc', 'abc', 1, '1992-02-04', '0', '', '', '', '', '', 0, '', '', '', '', '', '', '', '', '', '2017-04-12 15:08:46', '0000-00-00 00:00:00', '2844ffcf657ab8ab4e25f52bdaad44bb', '0'),
(5062, 'test123@test.com', 'd41d8cd98f00b204e9800998ecf8427e', 1, 'test', 'test', 1, '1975-03-12', '0', 'test', '', '', '12345', '1234567890', 5, '', '', '', '', '', '', '', '', '', '2017-04-28 09:18:47', '0000-00-00 00:00:00', '78ebe1cc194978cb10744d5cb8172a93', '0'),
(5063, 'test@123test.com', 'd41d8cd98f00b204e9800998ecf8427e', 1, 'test', 'test', 1, '2017-04-05', '0', 'test', '', '', '123456', '1234567890', 5, '', '', '', '', '', '', '', '', '', '2017-04-28 09:34:16', '0000-00-00 00:00:00', '1ca975f1ca208a58a3dd4adea27e3be0', '0'),
(5064, 'test456@test.com', 'cc03e747a6afbbcbf8be7668acfebee5', 2, 'test', 'test', 1, '2017-04-06', '0', '', '', '', '', '', 0, '', '', '', '', '', '', '', '', '', '2017-04-28 09:48:02', '0000-00-00 00:00:00', '440b6cb14161f85342aa472e59117b83', '0'),
(5065, 'test4567@test.com', 'cc03e747a6afbbcbf8be7668acfebee5', 2, 'test', 'test', 1, '2017-03-27', '0', '', '', '', '', '', 0, '', '', '', '', '', '', '', '', '', '2017-04-28 09:50:37', '0000-00-00 00:00:00', 'add40e1d5149bc5d0d83d60dbe830721', '0'),
(5066, 'test@3456.com', 'cc03e747a6afbbcbf8be7668acfebee5', 2, 'test', 'test', 1, '2017-04-04', '0', '', '', '', '', '', 0, '', '', '', '', '', '', '', '', '', '2017-04-28 10:02:06', '0000-00-00 00:00:00', '441328149dd7b6ffea18552e7dd1109c', '0'),
(5067, 'test@1234.com', 'e10adc3949ba59abbe56e057f20f883e', 2, 'test', 'test', 1, '0000-00-00', '0', '', '', '', '', '', 0, '', '', '', '', '', '', '', '', '', '2017-05-20 11:04:17', '0000-00-00 00:00:00', '4277f170e84bb02c96534c28c584d35c', '0'),
(5068, 'test1234@test.com', 'e10adc3949ba59abbe56e057f20f883e', 2, 'test', 'test', 1, '0000-00-00', '0', '', '', '', '', '', 0, '', '', '', '', '', '', '', '', '', '2017-05-20 11:08:39', '0000-00-00 00:00:00', 'b2367fa48a5399b77bfd2a86e434245c', '0'),
(5069, 'newdoc@test.com', 'd41d8cd98f00b204e9800998ecf8427e', 1, 'test', 'test', 1, '2017-05-17', '0', 'test', '', '', '12345', '1234567890', 5, '', '', '', '', '', '', '', '', '', '2017-05-20 11:11:04', '0000-00-00 00:00:00', '37ff482a66a531d1f0269ee6cafcbb89', '0'),
(5070, 'testpat@test.com', 'e10adc3949ba59abbe56e057f20f883e', 2, 'test', 'test', 2, '0000-00-00', '0', '', '', '', '', '', 0, '', '', '', '', '', '', '', '', '', '2017-05-20 11:14:07', '0000-00-00 00:00:00', '6f307c0f5169623ba4b5095a49e171d0', '0'),
(5071, 'doctest@test.com', 'd41d8cd98f00b204e9800998ecf8427e', 1, 'test', 'test', 1, '2017-05-17', '0', 'test', '', '', '12345', '1234567890', 5, '', '', '', '', '', '', '', '', '', '2017-05-20 11:14:47', '0000-00-00 00:00:00', 'a12485b147b50be71eee9e562c4aedfd', '0'),
(5105, 'raja27@hotmail.com', 'e10adc3949ba59abbe56e057f20f883e', 2, 'Raja', 'Kasukurthi', 1, '0000-00-00', '0', '', '', '', '', '6468562974', 0, '', '', '', '', '', '', '', '', '', '2017-09-08 01:21:05', '0000-00-00 00:00:00', '6fb68634fba4ab917ad2fce4feb9e52b', '1');

-- --------------------------------------------------------

--
-- Table structure for table `scad_usertypes`
--

CREATE TABLE IF NOT EXISTS `scad_usertypes` (
  `id` int(11) NOT NULL AUTO_INCREMENT,
  `name` varchar(255) NOT NULL,
  PRIMARY KEY (`id`)
) ENGINE=MyISAM  DEFAULT CHARSET=latin1 AUTO_INCREMENT=5 ;

--
-- Dumping data for table `scad_usertypes`
--

INSERT INTO `scad_usertypes` (`id`, `name`) VALUES
(1, 'Doctor'),
(2, 'Patient'),
(3, 'admin');

/*!40101 SET CHARACTER_SET_CLIENT=@OLD_CHARACTER_SET_CLIENT */;
/*!40101 SET CHARACTER_SET_RESULTS=@OLD_CHARACTER_SET_RESULTS */;
/*!40101 SET COLLATION_CONNECTION=@OLD_COLLATION_CONNECTION */;
